DS,Iteration,PP,DT,AS,LA,PT,PT scoring,Duration,Params,sa,sd,effect size,pred25
effort/china.csv,0,none,minmax,none,svr,random search,"['sa', 'sd', 'effect size', 'pred25']",0.015630722045898438,"{'la__degree': 3, 'la__coef0': 0.963569610048087, 'la__gamma': 0.7356685099569412, 'la__C': 8306.480170235802, 'la__epsilon': 0.5956741275289433, 'la__kernel': 'sigmoid'}",0.47501917338726635,0.39801149239922906,0.3151491298201514,0.18675948675948675
effort/china.csv,0,none,minmax,none,svr,sway,"['sa', 'sd', 'effect size', 'pred25']",0.04689788818359375,"{'la__degree': 4, 'la__coef0': 0.9223993209680111, 'la__gamma': 0.9973031288354497, 'la__C': 12085.487789814095, 'la__epsilon': 0.0342927554355088, 'la__kernel': 'rbf'}",0.4685341780243475,0.4008016748611544,0.3119533294830221,0.1898170898170898
effort/china.csv,0,none,minmax,none,svr,tpe,"['sa', 'sd', 'effect size', 'pred25']",0.0,"{'la__C': 15000.0, 'la__coef0': 0.0, 'la__degree': 5, 'la__epsilon': 0.999999, 'la__gamma': 0.999999, 'la__kernel': 'rbf'}",0.46865499653234527,0.4055483517442462,0.3115798704990347,0.1898170898170898
effort/china.csv,0,none,minmax,none,svr,nsga-ii,"['sa', 'sd', 'effect size', 'pred25']",0.0,"{'la__kernel': 'sigmoid', 'la__degree': 4, 'la__coef0': 0.7819535398118207, 'la__gamma': 0.7901546872242373, 'la__C': 6561.842744935814, 'la__epsilon': 0.9010826021976845}",0.464267655141078,0.4362935177752945,0.3081427797028611,0.1838656838656839
effort/china.csv,0,none,minmax,none,svr,nsga-iii,"['sa', 'sd', 'effect size', 'pred25']",0.0,"{'la__kernel': 'sigmoid', 'la__degree': 4, 'la__coef0': 0.47049759228259136, 'la__gamma': 0.8347532863119107, 'la__C': 3775.8474648705987, 'la__epsilon': 0.5830180866337847}",0.4718135386953213,0.4274515580611166,0.3121129378953015,0.17780507780507782
effort/china.csv,0,none,minmax,none,svr,moead,"['sa', 'sd', 'effect size', 'pred25']",0.0209958553314209,"{'la__kernel': 'sigmoid', 'la__degree': 3, 'la__coef0': 0.7341713716442262, 'la__gamma': 0.8038929973730335, 'la__C': 6483.052685972243, 'la__epsilon': 0.9789064304887127}",0.47870053520053085,0.41286896745180474,0.31992193076350367,0.17477477477477477
effort/china.csv,1,none,minmax,none,svr,random search,"['sa', 'sd', 'effect size', 'pred25']",0.02699875831604004,"{'la__degree': 4, 'la__coef0': 0.8435502831488464, 'la__gamma': 0.17619183605141595, 'la__C': 14466.720901861456, 'la__epsilon': 0.9745389338358172, 'la__kernel': 'poly'}",0.5166945840238181,0.47315781700416587,0.32030837210713864,0.20120120120120122
effort/china.csv,1,none,minmax,none,svr,sway,"['sa', 'sd', 'effect size', 'pred25']",0.04688072204589844,"{'la__degree': 3, 'la__coef0': 0.3637669533721747, 'la__gamma': 0.2628693533264593, 'la__C': 14905.963715324233, 'la__epsilon': 0.9047709705208428, 'la__kernel': 'sigmoid'}",0.5021999934382676,0.45145756055633474,0.31371382461929076,0.2132132132132132
effort/china.csv,1,none,minmax,none,svr,tpe,"['sa', 'sd', 'effect size', 'pred25']",0.04686284065246582,"{'la__C': 15000.0, 'la__coef0': 0.0, 'la__degree': 3, 'la__epsilon': 0.999999, 'la__gamma': 0.999999, 'la__kernel': 'rbf'}",0.4809541916634181,0.41413230169617216,0.2997992204686635,0.19819819819819817
effort/china.csv,1,none,minmax,none,svr,nsga-ii,"['sa', 'sd', 'effect size', 'pred25']",0.0,"{'la__kernel': 'poly', 'la__degree': 3, 'la__coef0': 0.6701398656716367, 'la__gamma': 0.2792172303710204, 'la__C': 12914.71334552694, 'la__epsilon': 0.611354354112271}",0.5216950247434817,0.47818165544617147,0.32514988106004283,0.2132132132132132
effort/china.csv,1,none,minmax,none,svr,nsga-iii,"['sa', 'sd', 'effect size', 'pred25']",0.0,"{'la__kernel': 'poly', 'la__degree': 3, 'la__coef0': 0.8995144322115549, 'la__gamma': 0.3851119446034469, 'la__C': 4338.186110768271, 'la__epsilon': 0.05571492695411007}",0.5198508401700698,0.4746261734432031,0.323387321359145,0.21621621621621623
effort/china.csv,1,none,minmax,none,svr,moead,"['sa', 'sd', 'effect size', 'pred25']",0.0,"{'la__kernel': 'sigmoid', 'la__degree': 4, 'la__coef0': 0.1655035835306237, 'la__gamma': 0.2922535798269237, 'la__C': 13430.815099824671, 'la__epsilon': 0.8088122456774098}",0.5104735050089098,0.4724708825244031,0.3191699756108856,0.21021021021021022
effort/china.csv,2,none,minmax,none,svr,random search,"['sa', 'sd', 'effect size', 'pred25']",0.015625953674316406,"{'la__degree': 3, 'la__coef0': 0.12895526796124585, 'la__gamma': 0.33809627007041876, 'la__C': 11157.461643756398, 'la__epsilon': 0.5325175548113293, 'la__kernel': 'sigmoid'}",0.525325215018935,0.440925562992323,0.3414672236399803,0.22822822822822822
effort/china.csv,2,none,minmax,none,svr,sway,"['sa', 'sd', 'effect size', 'pred25']",0.0,"{'la__degree': 3, 'la__coef0': 0.02772026688662415, 'la__gamma': 0.8046001432112675, 'la__C': 14416.903484453902, 'la__epsilon': 0.989052053387561, 'la__kernel': 'rbf'}",0.5070039995083303,0.4131738429563896,0.3276637676929618,0.23123123123123124
effort/china.csv,2,none,minmax,none,svr,tpe,"['sa', 'sd', 'effect size', 'pred25']",0.04688072204589844,"{'la__C': 15000.0, 'la__coef0': 0.0, 'la__degree': 3, 'la__epsilon': 1e-05, 'la__gamma': 0.999999, 'la__kernel': 'rbf'}",0.5047034398825853,0.41789771703589523,0.3280697651291764,0.22822822822822822
effort/china.csv,2,none,minmax,none,svr,nsga-ii,"['sa', 'sd', 'effect size', 'pred25']",0.0,"{'la__kernel': 'sigmoid', 'la__degree': 4, 'la__coef0': 0.06589981594495894, 'la__gamma': 0.4812769318150395, 'la__C': 14574.971730140676, 'la__epsilon': 0.6109870066005745}",0.5392513914963585,0.4492805537684859,0.3477176970026234,0.24024024024024024
effort/china.csv,2,none,minmax,none,svr,nsga-iii,"['sa', 'sd', 'effect size', 'pred25']",0.015628337860107422,"{'la__kernel': 'sigmoid', 'la__degree': 3, 'la__coef0': 0.06627078001981024, 'la__gamma': 0.4832767221490939, 'la__C': 14020.604381769293, 'la__epsilon': 0.7564601002668505}",0.5398032235906446,0.45235820106801333,0.3495435934781725,0.23723723723723725
effort/china.csv,2,none,minmax,none,svr,moead,"['sa', 'sd', 'effect size', 'pred25']",0.0,"{'la__kernel': 'rbf', 'la__degree': 4, 'la__coef0': 0.37919154191300153, 'la__gamma': 0.40898699021581997, 'la__C': 13546.875779449076, 'la__epsilon': 0.6025559072793536}",0.5085096405155928,0.4110474607389955,0.3316033386030438,0.23723723723723725
effort/china.csv,3,none,minmax,none,svr,random search,"['sa', 'sd', 'effect size', 'pred25']",0.05170178413391113,"{'la__degree': 3, 'la__coef0': 0.09665953712348128, 'la__gamma': 0.19351648594690474, 'la__C': 13072.277482660833, 'la__epsilon': 0.6945851410153357, 'la__kernel': 'sigmoid'}",0.4793437563756561,0.40994967933367193,0.3204349963794465,0.223013923013923
effort/china.csv,3,none,minmax,none,svr,sway,"['sa', 'sd', 'effect size', 'pred25']",0.0,"{'la__degree': 4, 'la__coef0': 0.9400061242258786, 'la__gamma': 0.06825814273941147, 'la__C': 14404.965196487501, 'la__epsilon': 0.2011713488058313, 'la__kernel': 'rbf'}",0.47559408596224273,0.4096211205275641,0.31840342543133304,0.22298662298662297
effort/china.csv,3,none,minmax,none,svr,tpe,"['sa', 'sd', 'effect size', 'pred25']",0.046863555908203125,"{'la__C': 15000.0, 'la__coef0': 0.0, 'la__degree': 5, 'la__epsilon': 1e-05, 'la__gamma': 0.999999, 'la__kernel': 'rbf'}",0.43814565707704406,0.3947181849089185,0.29449922274315865,0.1898170898170898
effort/china.csv,3,none,minmax,none,svr,nsga-ii,"['sa', 'sd', 'effect size', 'pred25']",0.03124713897705078,"{'la__kernel': 'sigmoid', 'la__degree': 3, 'la__coef0': 0.2933748688271706, 'la__gamma': 0.22386048023603874, 'la__C': 12824.30955359952, 'la__epsilon': 0.5236244612458142}",0.4799599345826147,0.4149396075808343,0.3221662274969803,0.22601692601692602
effort/china.csv,3,none,minmax,none,svr,nsga-iii,"['sa', 'sd', 'effect size', 'pred25']",0.0,"{'la__kernel': 'sigmoid', 'la__degree': 3, 'la__coef0': 0.18361876842014602, 'la__gamma': 0.29410728717894286, 'la__C': 9500.35346705006, 'la__epsilon': 0.3562034061219469}",0.47934412990286984,0.41207052356720375,0.3198740732428966,0.22298662298662297
effort/china.csv,3,none,minmax,none,svr,moead,"['sa', 'sd', 'effect size', 'pred25']",0.046875,"{'la__kernel': 'sigmoid', 'la__degree': 4, 'la__coef0': 0.0017220097864352746, 'la__gamma': 0.2873851609429658, 'la__C': 12126.874868185567, 'la__epsilon': 0.10077311376215396}",0.48013679763795,0.42151465945327643,0.32091259252778315,0.21400491400491398
effort/china.csv,4,none,minmax,none,svr,random search,"['sa', 'sd', 'effect size', 'pred25']",0.03125119209289551,"{'la__degree': 3, 'la__coef0': 0.0002403454949580124, 'la__gamma': 0.24813887649927754, 'la__C': 13772.044019962292, 'la__epsilon': 0.27789184704682257, 'la__kernel': 'sigmoid'}",0.503358183469926,0.44142079526531824,0.3286160683970582,0.20720720720720723
effort/china.csv,4,none,minmax,none,svr,sway,"['sa', 'sd', 'effect size', 'pred25']",0.04688715934753418,"{'la__degree': 3, 'la__coef0': 0.022155346957437975, 'la__gamma': 0.5335125675370715, 'la__C': 14185.748082853439, 'la__epsilon': 0.31011080378758654, 'la__kernel': 'rbf'}",0.4920693001336856,0.4100063527099156,0.32204265746410515,0.21021021021021022
effort/china.csv,4,none,minmax,none,svr,tpe,"['sa', 'sd', 'effect size', 'pred25']",0.0,"{'la__C': 15000.0, 'la__coef0': 0.999, 'la__degree': 3, 'la__epsilon': 0.999999, 'la__gamma': 0.999999, 'la__kernel': 'rbf'}",0.49310574960872905,0.4199124564250525,0.3251946793146709,0.21621621621621623
effort/china.csv,4,none,minmax,none,svr,nsga-ii,"['sa', 'sd', 'effect size', 'pred25']",0.015629291534423828,"{'la__kernel': 'sigmoid', 'la__degree': 3, 'la__coef0': 0.8710637245352401, 'la__gamma': 0.46803485836631553, 'la__C': 13441.261010329074, 'la__epsilon': 0.2499330624419245}",0.4985550039090429,0.41739756993542887,0.329090336936724,0.22522522522522523
effort/china.csv,4,none,minmax,none,svr,nsga-iii,"['sa', 'sd', 'effect size', 'pred25']",0.0,"{'la__kernel': 'poly', 'la__degree': 3, 'la__coef0': 0.9958808877734626, 'la__gamma': 0.18517450636831922, 'la__C': 9703.119232871852, 'la__epsilon': 0.9624375054387286}",0.502316437160571,0.44065182805351116,0.32787632527453925,0.21621621621621623
effort/china.csv,4,none,minmax,none,svr,moead,"['sa', 'sd', 'effect size', 'pred25']",0.03125429153442383,"{'la__kernel': 'sigmoid', 'la__degree': 3, 'la__coef0': 0.15822163766828617, 'la__gamma': 0.34816311257538657, 'la__C': 9665.62790593383, 'la__epsilon': 0.5003683155602715}",0.500803075954448,0.4300487728892964,0.32972761282058854,0.21621621621621623
effort/china.csv,5,none,minmax,none,svr,random search,"['sa', 'sd', 'effect size', 'pred25']",0.031229496002197266,"{'la__degree': 3, 'la__coef0': 0.24847470232659793, 'la__gamma': 0.4139186269011448, 'la__C': 10387.230981263243, 'la__epsilon': 0.16664307504488074, 'la__kernel': 'sigmoid'}",0.5086440023833689,0.4475463341481642,0.3160684436452161,0.21621621621621623
effort/china.csv,5,none,minmax,none,svr,sway,"['sa', 'sd', 'effect size', 'pred25']",0.015615463256835938,"{'la__degree': 3, 'la__coef0': 0.12212993565842874, 'la__gamma': 0.1865850692596048, 'la__C': 10934.55784771433, 'la__epsilon': 0.10498220051134695, 'la__kernel': 'sigmoid'}",0.5060123081583321,0.4360098853909539,0.31428190895612146,0.1951951951951952
effort/china.csv,5,none,minmax,none,svr,tpe,"['sa', 'sd', 'effect size', 'pred25']",0.0,"{'la__C': 15000.0, 'la__coef0': 0.0, 'la__degree': 5, 'la__epsilon': 1e-05, 'la__gamma': 0.999999, 'la__kernel': 'rbf'}",0.4931253735335124,0.42418372727017095,0.30682850153394353,0.1861861861861862
effort/china.csv,5,none,minmax,none,svr,nsga-ii,"['sa', 'sd', 'effect size', 'pred25']",0.0,"{'la__kernel': 'sigmoid', 'la__degree': 4, 'la__coef0': 0.011426561761395318, 'la__gamma': 0.5065757222122711, 'la__C': 7471.34241106706, 'la__epsilon': 0.09191747648184934}",0.5023549051255674,0.4354231254212528,0.31259764348795405,0.23423423423423426
effort/china.csv,5,none,minmax,none,svr,nsga-iii,"['sa', 'sd', 'effect size', 'pred25']",0.0,"{'la__kernel': 'poly', 'la__degree': 4, 'la__coef0': 0.9320207224743076, 'la__gamma': 0.08260757357093518, 'la__C': 8143.9386451836335, 'la__epsilon': 0.10213770044347423}",0.5173430406983298,0.4510145719063911,0.3199555775424258,0.1981981981981982
effort/china.csv,5,none,minmax,none,svr,moead,"['sa', 'sd', 'effect size', 'pred25']",0.04687857627868652,"{'la__kernel': 'sigmoid', 'la__degree': 3, 'la__coef0': 0.3267587353671853, 'la__gamma': 0.28040186863059663, 'la__C': 10309.506125488064, 'la__epsilon': 0.6906162822349476}",0.5071842245102397,0.4328810127392238,0.3155929393626868,0.20120120120120122
effort/china.csv,6,none,minmax,none,svr,random search,"['sa', 'sd', 'effect size', 'pred25']",0.031244993209838867,"{'la__degree': 4, 'la__coef0': 0.007598301158098567, 'la__gamma': 0.61339444485999, 'la__C': 10768.970602252894, 'la__epsilon': 0.12729001682102614, 'la__kernel': 'sigmoid'}",0.5006928073232797,0.4291954815908103,0.30743705724193193,0.19893529893529893
effort/china.csv,6,none,minmax,none,svr,sway,"['sa', 'sd', 'effect size', 'pred25']",0.04688429832458496,"{'la__degree': 4, 'la__coef0': 0.9668017811164468, 'la__gamma': 0.8151917930027072, 'la__C': 8219.458364917187, 'la__epsilon': 0.039753216271204116, 'la__kernel': 'sigmoid'}",0.46954136214724224,0.3803312577462239,0.28903854314038396,0.1927654927654928
effort/china.csv,6,none,minmax,none,svr,tpe,"['sa', 'sd', 'effect size', 'pred25']",0.015623807907104492,"{'la__C': 15000.0, 'la__coef0': 0.999, 'la__degree': 5, 'la__epsilon': 0.999999, 'la__gamma': 0.999999, 'la__kernel': 'rbf'}",0.46623984031085186,0.3682075839245458,0.2877702969924543,0.18987168987168987
effort/china.csv,6,none,minmax,none,svr,nsga-ii,"['sa', 'sd', 'effect size', 'pred25']",0.031238555908203125,"{'la__kernel': 'sigmoid', 'la__degree': 3, 'la__coef0': 0.0053931167905612865, 'la__gamma': 0.47402799374609506, 'la__C': 10360.085313142628, 'la__epsilon': 0.8839912735323738}",0.4929617118488308,0.4165946784154555,0.304647008784959,0.23205023205023204
effort/china.csv,6,none,minmax,none,svr,nsga-iii,"['sa', 'sd', 'effect size', 'pred25']",0.0,"{'la__kernel': 'sigmoid', 'la__degree': 3, 'la__coef0': 0.4840598591451294, 'la__gamma': 0.27775462196912665, 'la__C': 13919.382164906343, 'la__epsilon': 0.7495348411215343}",0.49326921935206025,0.41885697297260477,0.30386649635039936,0.22601692601692602
effort/china.csv,6,none,minmax,none,svr,moead,"['sa', 'sd', 'effect size', 'pred25']",0.0,"{'la__kernel': 'sigmoid', 'la__degree': 3, 'la__coef0': 0.4254636855821287, 'la__gamma': 0.2550177269159093, 'la__C': 14318.836763757197, 'la__epsilon': 0.6033415598273154}",0.49860891990422895,0.43332887275286125,0.30768975647377445,0.18973518973518977
effort/china.csv,7,none,minmax,none,svr,random search,"['sa', 'sd', 'effect size', 'pred25']",0.015622377395629883,"{'la__degree': 4, 'la__coef0': 0.8259142674294881, 'la__gamma': 0.9738758576196724, 'la__C': 8517.341135498647, 'la__epsilon': 0.4923652077037626, 'la__kernel': 'rbf'}",0.5112353376352935,0.44240572772831727,0.36192790431961835,0.21021021021021022
effort/china.csv,7,none,minmax,none,svr,sway,"['sa', 'sd', 'effect size', 'pred25']",0.031238555908203125,"{'la__degree': 4, 'la__coef0': 0.966268092822772, 'la__gamma': 0.9950050638368424, 'la__C': 14724.582352328775, 'la__epsilon': 0.9606875956213236, 'la__kernel': 'rbf'}",0.5119467792327352,0.45464005105574706,0.3632042081499411,0.1921921921921922
effort/china.csv,7,none,minmax,none,svr,tpe,"['sa', 'sd', 'effect size', 'pred25']",0.0,"{'la__C': 15000.0, 'la__coef0': 0.999, 'la__degree': 5, 'la__epsilon': 0.999999, 'la__gamma': 0.999999, 'la__kernel': 'rbf'}",0.512718597588701,0.4589609407085627,0.3641603283381903,0.1861861861861862
effort/china.csv,7,none,minmax,none,svr,nsga-ii,"['sa', 'sd', 'effect size', 'pred25']",0.046872854232788086,"{'la__kernel': 'rbf', 'la__degree': 3, 'la__coef0': 0.4863538551163956, 'la__gamma': 0.9999690472988784, 'la__C': 14996.916168434469, 'la__epsilon': 0.606792800561852}",0.5110282037200661,0.438733152595145,0.3613812597035347,0.21621621621621623
effort/china.csv,7,none,minmax,none,svr,nsga-iii,"['sa', 'sd', 'effect size', 'pred25']",0.0,"{'la__kernel': 'rbf', 'la__degree': 3, 'la__coef0': 0.2110949004852635, 'la__gamma': 0.9429424462694507, 'la__C': 14879.717528607338, 'la__epsilon': 0.987680807684866}",0.5104517782665642,0.4449641985118302,0.3612577267395672,0.2132132132132132
effort/china.csv,7,none,minmax,none,svr,moead,"['sa', 'sd', 'effect size', 'pred25']",0.046866416931152344,"{'la__kernel': 'rbf', 'la__degree': 4, 'la__coef0': 0.3468493833511706, 'la__gamma': 0.8135562515582718, 'la__C': 8012.312544276927, 'la__epsilon': 0.5718950117053159}",0.5112812810029164,0.4387287949797603,0.36265406960718155,0.21621621621621623
effort/china.csv,8,none,minmax,none,svr,random search,"['sa', 'sd', 'effect size', 'pred25']",0.0279996395111084,"{'la__degree': 3, 'la__coef0': 0.3646063784200623, 'la__gamma': 0.33711743788491694, 'la__C': 7266.8986629459605, 'la__epsilon': 0.8614239497478561, 'la__kernel': 'sigmoid'}",0.4770639478583392,0.39643776355007515,0.3022623866991621,0.21021021021021022
effort/china.csv,8,none,minmax,none,svr,sway,"['sa', 'sd', 'effect size', 'pred25']",0.015630722045898438,"{'la__degree': 4, 'la__coef0': 0.31422060168626015, 'la__gamma': 0.3715892701189, 'la__C': 8094.637930626798, 'la__epsilon': 0.04660610951220807, 'la__kernel': 'sigmoid'}",0.48323247768471783,0.4049151407808062,0.30537894996784204,0.2222222222222222
effort/china.csv,8,none,minmax,none,svr,tpe,"['sa', 'sd', 'effect size', 'pred25']",0.0,"{'la__C': 15000.0, 'la__coef0': 0.0, 'la__degree': 5, 'la__epsilon': 0.999999, 'la__gamma': 0.999999, 'la__kernel': 'rbf'}",0.4638844804580493,0.38492974838620597,0.29326417588958315,0.18918918918918917
effort/china.csv,8,none,minmax,none,svr,nsga-ii,"['sa', 'sd', 'effect size', 'pred25']",0.04687142372131348,"{'la__kernel': 'sigmoid', 'la__degree': 3, 'la__coef0': 0.032426147415602985, 'la__gamma': 0.32860087260094695, 'la__C': 14827.247576378919, 'la__epsilon': 0.41789382980279316}",0.4922527901850821,0.4346500390062939,0.311153923419135,0.21021021021021022
effort/china.csv,8,none,minmax,none,svr,nsga-iii,"['sa', 'sd', 'effect size', 'pred25']",0.0,"{'la__kernel': 'sigmoid', 'la__degree': 3, 'la__coef0': 0.5386869210508917, 'la__gamma': 0.2750477378797491, 'la__C': 13573.686666110005, 'la__epsilon': 0.5570572276770169}",0.47989154062895567,0.3963605412262854,0.3037129553569477,0.24624624624624625
effort/china.csv,8,none,minmax,none,svr,moead,"['sa', 'sd', 'effect size', 'pred25']",0.0,"{'la__kernel': 'sigmoid', 'la__degree': 4, 'la__coef0': 0.16751480561536627, 'la__gamma': 0.285508745878147, 'la__C': 13954.165192067874, 'la__epsilon': 0.8115650827419155}",0.48851703298351623,0.4281849045923077,0.30949234122905533,0.2222222222222222
effort/china.csv,9,none,minmax,none,svr,random search,"['sa', 'sd', 'effect size', 'pred25']",0.04686474800109863,"{'la__degree': 3, 'la__coef0': 0.31577095000838096, 'la__gamma': 0.47808173696447315, 'la__C': 10607.566777865277, 'la__epsilon': 0.08444044863449594, 'la__kernel': 'sigmoid'}",0.4960234688043272,0.44094891963892996,0.34784121147467423,0.20783510783510784
effort/china.csv,9,none,minmax,none,svr,sway,"['sa', 'sd', 'effect size', 'pred25']",0.04683852195739746,"{'la__degree': 3, 'la__coef0': 0.9635638456840655, 'la__gamma': 0.10813803581767739, 'la__C': 14608.64539738046, 'la__epsilon': 0.05680446562313183, 'la__kernel': 'poly'}",0.5132922157462888,0.468969262670037,0.35896468549668836,0.18375648375648376
effort/china.csv,9,none,minmax,none,svr,tpe,"['sa', 'sd', 'effect size', 'pred25']",0.0,"{'la__C': 15000.0, 'la__coef0': 0.999, 'la__degree': 3, 'la__epsilon': 0.999999, 'la__gamma': 0.999999, 'la__kernel': 'rbf'}",0.48426808484237377,0.4412775567207519,0.33941352632514304,0.18080808080808083
effort/china.csv,9,none,minmax,none,svr,nsga-ii,"['sa', 'sd', 'effect size', 'pred25']",0.04687070846557617,"{'la__kernel': 'poly', 'la__degree': 3, 'la__coef0': 0.8991139786484075, 'la__gamma': 0.12134419667212981, 'la__C': 13882.008878625133, 'la__epsilon': 0.5988881484854778}",0.5139876469688051,0.46945404422175674,0.3603761340449148,0.18675948675948675
effort/china.csv,9,none,minmax,none,svr,nsga-iii,"['sa', 'sd', 'effect size', 'pred25']",0.03125810623168945,"{'la__kernel': 'poly', 'la__degree': 3, 'la__coef0': 0.8827696124107781, 'la__gamma': 0.2560338987038185, 'la__C': 5466.561331982406, 'la__epsilon': 0.6955085491862097}",0.49936838409046275,0.4532664055467596,0.3502198939928778,0.2049140049140049
effort/china.csv,9,none,minmax,none,svr,moead,"['sa', 'sd', 'effect size', 'pred25']",0.04688429832458496,"{'la__kernel': 'rbf', 'la__degree': 4, 'la__coef0': 0.031250861200153524, 'la__gamma': 0.25146410877275105, 'la__C': 13975.229141467888, 'la__epsilon': 0.5470412255631175}",0.48753593343790974,0.4347196971545018,0.34063373640255384,0.19287469287469286
effort/china.csv,10,none,minmax,none,svr,random search,"['sa', 'sd', 'effect size', 'pred25']",0.02900218963623047,"{'la__degree': 3, 'la__coef0': 0.0504970716467651, 'la__gamma': 0.45350328610267554, 'la__C': 12976.129020814902, 'la__epsilon': 0.16189663368561535, 'la__kernel': 'sigmoid'}",0.48281995372653874,0.42936838497396296,0.3025049824299401,0.2132132132132132
effort/china.csv,10,none,minmax,none,svr,sway,"['sa', 'sd', 'effect size', 'pred25']",0.031236648559570312,"{'la__degree': 3, 'la__coef0': 0.9196827786699667, 'la__gamma': 0.14262903267014038, 'la__C': 14787.685150102925, 'la__epsilon': 0.9449836837341834, 'la__kernel': 'poly'}",0.4920290182205134,0.4379143572016777,0.30859429546659345,0.21021021021021022
effort/china.csv,10,none,minmax,none,svr,tpe,"['sa', 'sd', 'effect size', 'pred25']",0.046863555908203125,"{'la__C': 15000.0, 'la__coef0': 0.0, 'la__degree': 5, 'la__epsilon': 0.999999, 'la__gamma': 0.999999, 'la__kernel': 'rbf'}",0.4653234333180067,0.38226104272545963,0.29191389740317725,0.19819819819819817
effort/china.csv,10,none,minmax,none,svr,nsga-ii,"['sa', 'sd', 'effect size', 'pred25']",0.0,"{'la__kernel': 'poly', 'la__degree': 3, 'la__coef0': 0.9841039020999262, 'la__gamma': 0.09646954923622625, 'la__C': 14326.030252600616, 'la__epsilon': 0.16341732443214915}",0.4919011419680661,0.4399683846145132,0.30750386719056383,0.21621621621621623
effort/china.csv,10,none,minmax,none,svr,nsga-iii,"['sa', 'sd', 'effect size', 'pred25']",0.0,"{'la__kernel': 'sigmoid', 'la__degree': 3, 'la__coef0': 0.23364837360945853, 'la__gamma': 0.2517437087141141, 'la__C': 12579.120760955535, 'la__epsilon': 0.12152467429129232}",0.4811139096763168,0.4063302565184517,0.3010006014259203,0.20420420420420418
effort/china.csv,10,none,minmax,none,svr,moead,"['sa', 'sd', 'effect size', 'pred25']",0.04688072204589844,"{'la__kernel': 'sigmoid', 'la__degree': 3, 'la__coef0': 0.04639656048652579, 'la__gamma': 0.46323476089441795, 'la__C': 12748.10634050662, 'la__epsilon': 0.23816689932790183}",0.48131778846285983,0.43145032108748316,0.30094232099237733,0.22222222222222224
effort/china.csv,11,none,minmax,none,svr,random search,"['sa', 'sd', 'effect size', 'pred25']",0.029000520706176758,"{'la__degree': 4, 'la__coef0': 0.5745885212341477, 'la__gamma': 0.3742899350315502, 'la__C': 12185.832202445286, 'la__epsilon': 0.941353580359968, 'la__kernel': 'sigmoid'}",0.5189806217150709,0.4433175780740388,0.3292492469216228,0.2492492492492492
effort/china.csv,11,none,minmax,none,svr,sway,"['sa', 'sd', 'effect size', 'pred25']",0.04685068130493164,"{'la__degree': 4, 'la__coef0': 0.21876493708201133, 'la__gamma': 0.1577351808592458, 'la__C': 14911.109870574528, 'la__epsilon': 0.009985454588467429, 'la__kernel': 'rbf'}",0.506777491598922,0.4222858206085846,0.3217390472303563,0.22522522522522523
effort/china.csv,11,none,minmax,none,svr,tpe,"['sa', 'sd', 'effect size', 'pred25']",0.0,"{'la__C': 15000.0, 'la__coef0': 0.999, 'la__degree': 3, 'la__epsilon': 0.999999, 'la__gamma': 0.999999, 'la__kernel': 'rbf'}",0.480997680049889,0.38926425937821557,0.306028631516448,0.2132132132132132
effort/china.csv,11,none,minmax,none,svr,nsga-ii,"['sa', 'sd', 'effect size', 'pred25']",0.0,"{'la__kernel': 'sigmoid', 'la__degree': 5, 'la__coef0': 0.14992903855147052, 'la__gamma': 0.4567435474211472, 'la__C': 9397.095962913541, 'la__epsilon': 0.07677677798134164}",0.5139238672648948,0.45252037746639534,0.32583234389689725,0.2522522522522523
effort/china.csv,11,none,minmax,none,svr,nsga-iii,"['sa', 'sd', 'effect size', 'pred25']",0.0,"{'la__kernel': 'sigmoid', 'la__degree': 3, 'la__coef0': 0.4422751454818433, 'la__gamma': 0.3590026433599095, 'la__C': 13510.848571482535, 'la__epsilon': 0.6861295857897315}",0.5165745830459834,0.4475795142302401,0.3292068024389165,0.24624624624624625
effort/china.csv,11,none,minmax,none,svr,moead,"['sa', 'sd', 'effect size', 'pred25']",0.04689431190490723,"{'la__kernel': 'sigmoid', 'la__degree': 4, 'la__coef0': 0.27262469219780705, 'la__gamma': 0.39362413645498545, 'la__C': 10136.845682721885, 'la__epsilon': 0.15582538214793448}",0.5161452284214669,0.4493813334717262,0.3283230785204638,0.24624624624624625
effort/china.csv,12,none,minmax,none,svr,random search,"['sa', 'sd', 'effect size', 'pred25']",0.03125476837158203,"{'la__degree': 3, 'la__coef0': 0.21246951611717213, 'la__gamma': 0.8208245295233952, 'la__C': 5707.922632362046, 'la__epsilon': 0.9994714354487985, 'la__kernel': 'sigmoid'}",0.5208866540495724,0.45182847227572226,0.32391694191514686,0.22901992901992899
effort/china.csv,12,none,minmax,none,svr,sway,"['sa', 'sd', 'effect size', 'pred25']",0.01562809944152832,"{'la__degree': 3, 'la__coef0': 0.7434356019947391, 'la__gamma': 0.9378177958179221, 'la__C': 14781.122017528682, 'la__epsilon': 0.9522914247354427, 'la__kernel': 'rbf'}",0.5114238969357869,0.4255437670601623,0.3166946223976553,0.18686868686868688
effort/china.csv,12,none,minmax,none,svr,tpe,"['sa', 'sd', 'effect size', 'pred25']",0.04687213897705078,"{'la__C': 15000.0, 'la__coef0': 0.999, 'la__degree': 5, 'la__epsilon': 1e-05, 'la__gamma': 0.999999, 'la__kernel': 'rbf'}",0.5152214999210505,0.4410111519810336,0.31976631642446235,0.16885066885066888
effort/china.csv,12,none,minmax,none,svr,nsga-ii,"['sa', 'sd', 'effect size', 'pred25']",0.04686570167541504,"{'la__kernel': 'sigmoid', 'la__degree': 3, 'la__coef0': 0.12738219279210464, 'la__gamma': 0.5331881569991478, 'la__C': 12259.853225452502, 'la__epsilon': 0.5439907455607337}",0.5238818724609249,0.4621580836050077,0.3252591350594108,0.21995631995631995
effort/china.csv,12,none,minmax,none,svr,nsga-iii,"['sa', 'sd', 'effect size', 'pred25']",0.04687857627868652,"{'la__kernel': 'sigmoid', 'la__degree': 3, 'la__coef0': 0.11651986616707871, 'la__gamma': 0.5503952157410087, 'la__C': 9346.468191465021, 'la__epsilon': 0.40305829837990426}",0.5207935093593158,0.44057861223936223,0.32225267478448005,0.23808353808353808
effort/china.csv,12,none,minmax,none,svr,moead,"['sa', 'sd', 'effect size', 'pred25']",0.0,"{'la__kernel': 'sigmoid', 'la__degree': 3, 'la__coef0': 0.24280606160406998, 'la__gamma': 0.35283240250995307, 'la__C': 13631.113497048853, 'la__epsilon': 0.707509021760597}",0.5209233340621987,0.4602629822581536,0.32375651264303057,0.21092001092001092
effort/china.csv,13,none,minmax,none,svr,random search,"['sa', 'sd', 'effect size', 'pred25']",0.041245222091674805,"{'la__degree': 4, 'la__coef0': 0.4495362517027061, 'la__gamma': 0.21904006356942202, 'la__C': 13613.513348164273, 'la__epsilon': 0.2994559822051397, 'la__kernel': 'sigmoid'}",0.4803090381564301,0.39741542921590783,0.3532767611847633,0.23123123123123124
effort/china.csv,13,none,minmax,none,svr,sway,"['sa', 'sd', 'effect size', 'pred25']",0.0,"{'la__degree': 3, 'la__coef0': 0.39191814047089024, 'la__gamma': 0.11894633801311366, 'la__C': 14626.791573413764, 'la__epsilon': 0.19407431750216855, 'la__kernel': 'rbf'}",0.48001010190981325,0.38398298517942253,0.3538300804363852,0.21621621621621623
effort/china.csv,13,none,minmax,none,svr,tpe,"['sa', 'sd', 'effect size', 'pred25']",0.04686856269836426,"{'la__C': 15000.0, 'la__coef0': 0.0, 'la__degree': 5, 'la__epsilon': 1e-05, 'la__gamma': 0.999999, 'la__kernel': 'rbf'}",0.4783420334421267,0.39287212398267596,0.3536488933363166,0.21021021021021022
effort/china.csv,13,none,minmax,none,svr,nsga-ii,"['sa', 'sd', 'effect size', 'pred25']",0.0,"{'la__kernel': 'sigmoid', 'la__degree': 3, 'la__coef0': 0.4419618045115686, 'la__gamma': 0.24567360763196366, 'la__C': 11003.639775477615, 'la__epsilon': 0.07044522344810922}",0.48062522631683063,0.39677085987217203,0.3534646817250027,0.23723723723723725
effort/china.csv,13,none,minmax,none,svr,nsga-iii,"['sa', 'sd', 'effect size', 'pred25']",0.0,"{'la__kernel': 'rbf', 'la__degree': 5, 'la__coef0': 0.3286510748663445, 'la__gamma': 0.1955414271160535, 'la__C': 14309.348245354055, 'la__epsilon': 0.755914537685541}",0.4805579215764781,0.3959941598097232,0.35519100900374334,0.23723723723723725
effort/china.csv,13,none,minmax,none,svr,moead,"['sa', 'sd', 'effect size', 'pred25']",0.0,"{'la__kernel': 'rbf', 'la__degree': 4, 'la__coef0': 0.6524827117516216, 'la__gamma': 0.17570508941918553, 'la__C': 14730.268964562852, 'la__epsilon': 0.7640765588396111}",0.47757137185536586,0.39212674201912695,0.3524399695345121,0.23723723723723725
effort/china.csv,14,none,minmax,none,svr,random search,"['sa', 'sd', 'effect size', 'pred25']",0.015620231628417969,"{'la__degree': 3, 'la__coef0': 0.9873886531856285, 'la__gamma': 0.07102671698906868, 'la__C': 12700.049644550385, 'la__epsilon': 0.495149307512468, 'la__kernel': 'poly'}",0.5010947194189997,0.4583407581180814,0.321179825500798,0.18318318318318316
effort/china.csv,14,none,minmax,none,svr,sway,"['sa', 'sd', 'effect size', 'pred25']",0.03125572204589844,"{'la__degree': 3, 'la__coef0': 0.49303933059341054, 'la__gamma': 0.6416191882667014, 'la__C': 14531.94593861444, 'la__epsilon': 0.9050337378947361, 'la__kernel': 'rbf'}",0.4809713898540445,0.45175645743620274,0.3065793942704501,0.20420420420420418
effort/china.csv,14,none,minmax,none,svr,tpe,"['sa', 'sd', 'effect size', 'pred25']",0.0,"{'la__C': 15000.0, 'la__coef0': 0.0, 'la__degree': 5, 'la__epsilon': 0.999999, 'la__gamma': 0.999999, 'la__kernel': 'rbf'}",0.48293470928354115,0.455159293237323,0.30872677826488487,0.19819819819819817
effort/china.csv,14,none,minmax,none,svr,nsga-ii,"['sa', 'sd', 'effect size', 'pred25']",0.03124094009399414,"{'la__kernel': 'poly', 'la__degree': 3, 'la__coef0': 0.7917613010117674, 'la__gamma': 0.19293140893904376, 'la__C': 13794.227440498144, 'la__epsilon': 0.1013039920001558}",0.5004299022611419,0.4695053650599466,0.3200011709504704,0.1831831831831832
effort/china.csv,14,none,minmax,none,svr,nsga-iii,"['sa', 'sd', 'effect size', 'pred25']",0.04686570167541504,"{'la__kernel': 'sigmoid', 'la__degree': 3, 'la__coef0': 0.2501430924996665, 'la__gamma': 0.4790906370079385, 'la__C': 11610.429255750418, 'la__epsilon': 0.804213651992216}",0.49917954840086504,0.44728079021096406,0.31857583390927763,0.20120120120120122
effort/china.csv,14,none,minmax,none,svr,moead,"['sa', 'sd', 'effect size', 'pred25']",0.0,"{'la__kernel': 'poly', 'la__degree': 3, 'la__coef0': 0.6435587363772058, 'la__gamma': 0.3087202663821696, 'la__C': 11454.848139871008, 'la__epsilon': 0.36877215327949575}",0.49019650473085274,0.46526454434837367,0.3143476419139141,0.17417417417417416
effort/china.csv,15,none,minmax,none,svr,random search,"['sa', 'sd', 'effect size', 'pred25']",0.04684877395629883,"{'la__degree': 3, 'la__coef0': 0.20394567972121844, 'la__gamma': 0.29380577829771326, 'la__C': 10505.618854137478, 'la__epsilon': 0.17255422552360195, 'la__kernel': 'sigmoid'}",0.502274124710277,0.43531377659752885,0.3161743796277369,0.19885339885339884
effort/china.csv,15,none,minmax,none,svr,sway,"['sa', 'sd', 'effect size', 'pred25']",0.04685568809509277,"{'la__degree': 3, 'la__coef0': 0.026081596911617117, 'la__gamma': 0.10877093179224663, 'la__C': 14386.299666766854, 'la__epsilon': 0.8267817604289338, 'la__kernel': 'rbf'}",0.485275877989307,0.393007871869637,0.30473130663769016,0.19585039585039585
effort/china.csv,15,none,minmax,none,svr,tpe,"['sa', 'sd', 'effect size', 'pred25']",0.0,"{'la__C': 15000.0, 'la__coef0': 0.0, 'la__degree': 3, 'la__epsilon': 0.999999, 'la__gamma': 0.999999, 'la__kernel': 'rbf'}",0.4395712790790059,0.3402872723308514,0.27600010162271754,0.16860496860496857
effort/china.csv,15,none,minmax,none,svr,nsga-ii,"['sa', 'sd', 'effect size', 'pred25']",0.0,"{'la__kernel': 'sigmoid', 'la__degree': 3, 'la__coef0': 0.04075499643282207, 'la__gamma': 0.4251958024295892, 'la__C': 9295.66392823332, 'la__epsilon': 0.17001894609069884}",0.5025103544942822,0.4538906722578511,0.3147007528201506,0.22604422604422603
effort/china.csv,15,none,minmax,none,svr,nsga-iii,"['sa', 'sd', 'effect size', 'pred25']",0.046862125396728516,"{'la__kernel': 'sigmoid', 'la__degree': 3, 'la__coef0': 0.13306603538629197, 'la__gamma': 0.3938990709047387, 'la__C': 14312.628314052685, 'la__epsilon': 0.7023582803707423}",0.5039388184158115,0.43919546749949845,0.31637232744421356,0.22003822003822004
effort/china.csv,15,none,minmax,none,svr,moead,"['sa', 'sd', 'effect size', 'pred25']",0.0,"{'la__kernel': 'sigmoid', 'la__degree': 3, 'la__coef0': 0.08418531954467712, 'la__gamma': 0.48473309456463276, 'la__C': 12823.769808081637, 'la__epsilon': 0.43289278554796023}",0.5031249060106197,0.44752904246093106,0.3158888517551863,0.22001092001092
effort/china.csv,16,none,minmax,none,svr,random search,"['sa', 'sd', 'effect size', 'pred25']",0.015625,"{'la__degree': 3, 'la__coef0': 0.07657755669850608, 'la__gamma': 0.23143565959636486, 'la__C': 10529.39852267201, 'la__epsilon': 0.00659521327475323, 'la__kernel': 'sigmoid'}",0.4915287633477581,0.42559246896931513,0.316991656813666,0.2192192192192192
effort/china.csv,16,none,minmax,none,svr,sway,"['sa', 'sd', 'effect size', 'pred25']",0.04689216613769531,"{'la__degree': 4, 'la__coef0': 0.722756159466354, 'la__gamma': 0.9451534343235736, 'la__C': 14505.110469048042, 'la__epsilon': 0.9930748057517217, 'la__kernel': 'rbf'}",0.4750964350329494,0.40585188724865845,0.30817684201383644,0.20120120120120122
effort/china.csv,16,none,minmax,none,svr,tpe,"['sa', 'sd', 'effect size', 'pred25']",0.0,"{'la__C': 15000.0, 'la__coef0': 0.999, 'la__degree': 3, 'la__epsilon': 1e-05, 'la__gamma': 0.999999, 'la__kernel': 'rbf'}",0.47635661994451484,0.410880371452045,0.30853853104134693,0.20120120120120122
effort/china.csv,16,none,minmax,none,svr,nsga-ii,"['sa', 'sd', 'effect size', 'pred25']",0.0,"{'la__kernel': 'sigmoid', 'la__degree': 3, 'la__coef0': 0.09244516797208474, 'la__gamma': 0.1914558607901084, 'la__C': 14343.61224791047, 'la__epsilon': 0.8408711580330335}",0.4922770853509563,0.4268765894291906,0.3187082435932426,0.22222222222222224
effort/china.csv,16,none,minmax,none,svr,nsga-iii,"['sa', 'sd', 'effect size', 'pred25']",0.0,"{'la__kernel': 'sigmoid', 'la__degree': 3, 'la__coef0': 0.6034388015028574, 'la__gamma': 0.2214177904737272, 'la__C': 13928.36633887484, 'la__epsilon': 0.8349655119099388}",0.4838271718579626,0.43932250705478326,0.3133144459635668,0.23123123123123124
effort/china.csv,16,none,minmax,none,svr,moead,"['sa', 'sd', 'effect size', 'pred25']",0.046872854232788086,"{'la__kernel': 'sigmoid', 'la__degree': 3, 'la__coef0': 0.27220793905427715, 'la__gamma': 0.14271030705009907, 'la__C': 12487.11105820547, 'la__epsilon': 0.21805241069917627}",0.4819511430243048,0.43941176706622337,0.31224593416573837,0.2222222222222222
effort/china.csv,17,none,minmax,none,svr,random search,"['sa', 'sd', 'effect size', 'pred25']",0.04685497283935547,"{'la__degree': 3, 'la__coef0': 0.3140803498586286, 'la__gamma': 0.39521241231085547, 'la__C': 13253.006874590452, 'la__epsilon': 0.20210001747665898, 'la__kernel': 'sigmoid'}",0.5074050812878552,0.4228737355032077,0.35310523659368626,0.24024024024024024
effort/china.csv,17,none,minmax,none,svr,sway,"['sa', 'sd', 'effect size', 'pred25']",0.0,"{'la__degree': 4, 'la__coef0': 0.5635971997531761, 'la__gamma': 0.16556845333361056, 'la__C': 14989.816699301096, 'la__epsilon': 0.6388008752304108, 'la__kernel': 'rbf'}",0.478432768686605,0.38873304850562107,0.3322309357488083,0.22222222222222224
effort/china.csv,17,none,minmax,none,svr,tpe,"['sa', 'sd', 'effect size', 'pred25']",0.0,"{'la__C': 15000.0, 'la__coef0': 0.0, 'la__degree': 5, 'la__epsilon': 0.999999, 'la__gamma': 0.999999, 'la__kernel': 'rbf'}",0.467047981318595,0.3980842392823439,0.3242686124349153,0.2132132132132132
effort/china.csv,17,none,minmax,none,svr,nsga-ii,"['sa', 'sd', 'effect size', 'pred25']",0.0,"{'la__kernel': 'sigmoid', 'la__degree': 3, 'la__coef0': 0.27156967021505174, 'la__gamma': 0.4056933238097539, 'la__C': 10736.115241311683, 'la__epsilon': 0.11846258593857756}",0.5104376353751185,0.4278979074356948,0.35565547635711203,0.2522522522522523
effort/china.csv,17,none,minmax,none,svr,nsga-iii,"['sa', 'sd', 'effect size', 'pred25']",0.04686927795410156,"{'la__kernel': 'sigmoid', 'la__degree': 3, 'la__coef0': 0.31369046661369615, 'la__gamma': 0.3792330758503842, 'la__C': 10321.849780048125, 'la__epsilon': 0.005798300607910834}",0.5130201416237662,0.42892575947544226,0.35771084084977883,0.22822822822822822
effort/china.csv,17,none,minmax,none,svr,moead,"['sa', 'sd', 'effect size', 'pred25']",0.031249523162841797,"{'la__kernel': 'sigmoid', 'la__degree': 3, 'la__coef0': 0.5244561333185322, 'la__gamma': 0.26201046482779766, 'la__C': 12265.465905641877, 'la__epsilon': 0.4296393173060081}",0.5088790220010201,0.4183391849919267,0.35359000804580587,0.21921921921921925
effort/china.csv,18,none,minmax,none,svr,random search,"['sa', 'sd', 'effect size', 'pred25']",0.015624284744262695,"{'la__degree': 4, 'la__coef0': 0.6294274039401461, 'la__gamma': 0.4056951980381704, 'la__C': 13943.923384549793, 'la__epsilon': 0.8534705634580124, 'la__kernel': 'sigmoid'}",0.5036988029657709,0.4361097483533,0.32067876532461387,0.23502593502593502
effort/china.csv,18,none,minmax,none,svr,sway,"['sa', 'sd', 'effect size', 'pred25']",0.015621185302734375,"{'la__degree': 4, 'la__coef0': 0.7914934793564294, 'la__gamma': 0.1216708454634213, 'la__C': 13012.012502893267, 'la__epsilon': 0.9388916654827645, 'la__kernel': 'poly'}",0.5047460575036803,0.4394761979169705,0.32173232046593897,0.20475020475020478
effort/china.csv,18,none,minmax,none,svr,tpe,"['sa', 'sd', 'effect size', 'pred25']",0.031236648559570312,"{'la__C': 15000.0, 'la__coef0': 0.999, 'la__degree': 3, 'la__epsilon': 1e-05, 'la__gamma': 0.999999, 'la__kernel': 'rbf'}",0.4938317276151775,0.41625109039355285,0.31484307254450655,0.21998361998361995
effort/china.csv,18,none,minmax,none,svr,nsga-ii,"['sa', 'sd', 'effect size', 'pred25']",0.0468442440032959,"{'la__kernel': 'sigmoid', 'la__degree': 4, 'la__coef0': 0.1110294803185698, 'la__gamma': 0.42526864386334, 'la__C': 14506.419657574179, 'la__epsilon': 0.5666351302532115}",0.5128495930288539,0.454930933430904,0.3261572226677381,0.23502593502593502
effort/china.csv,18,none,minmax,none,svr,nsga-iii,"['sa', 'sd', 'effect size', 'pred25']",0.0,"{'la__kernel': 'sigmoid', 'la__degree': 3, 'la__coef0': 0.024438139114435042, 'la__gamma': 0.4948940562506572, 'la__C': 13140.263609226775, 'la__epsilon': 0.0725810587683405}",0.5099081282087217,0.45885887090614635,0.32537426520121254,0.21990171990171992
effort/china.csv,18,none,minmax,none,svr,moead,"['sa', 'sd', 'effect size', 'pred25']",0.0,"{'la__kernel': 'sigmoid', 'la__degree': 4, 'la__coef0': 0.16003354251255306, 'la__gamma': 0.23592262923488314, 'la__C': 13114.520419870894, 'la__epsilon': 0.48820690095009733}",0.5063495821816737,0.4445477738543498,0.3220544260941529,0.2169260169260169
effort/china.csv,19,none,minmax,none,svr,random search,"['sa', 'sd', 'effect size', 'pred25']",0.015614509582519531,"{'la__degree': 4, 'la__coef0': 0.6360859290793546, 'la__gamma': 0.45144325037171124, 'la__C': 12798.958498699956, 'la__epsilon': 0.7304462729839934, 'la__kernel': 'rbf'}",0.5162843474021771,0.48628226192992346,0.33306173732099187,0.2132132132132132
effort/china.csv,19,none,minmax,none,svr,sway,"['sa', 'sd', 'effect size', 'pred25']",0.04688000679016113,"{'la__degree': 3, 'la__coef0': 0.724240570311991, 'la__gamma': 0.7984091485083173, 'la__C': 9180.377852419413, 'la__epsilon': 0.023187022962288216, 'la__kernel': 'rbf'}",0.5168141333044401,0.492458819214414,0.3327552582766233,0.20420420420420418
effort/china.csv,19,none,minmax,none,svr,tpe,"['sa', 'sd', 'effect size', 'pred25']",0.015626192092895508,"{'la__C': 15000.0, 'la__coef0': 0.999, 'la__degree': 5, 'la__epsilon': 0.999999, 'la__gamma': 0.999999, 'la__kernel': 'rbf'}",0.5179517655297896,0.49105064072995114,0.33436276890054034,0.1981981981981982
effort/china.csv,19,none,minmax,none,svr,nsga-ii,"['sa', 'sd', 'effect size', 'pred25']",0.0,"{'la__kernel': 'rbf', 'la__degree': 3, 'la__coef0': 0.2556061865739312, 'la__gamma': 0.4810050258889831, 'la__C': 14946.27790024205, 'la__epsilon': 0.6075146905946051}",0.5209508039525365,0.5077475399767021,0.3357914178948913,0.20420420420420418
effort/china.csv,19,none,minmax,none,svr,nsga-iii,"['sa', 'sd', 'effect size', 'pred25']",0.025764942169189453,"{'la__kernel': 'rbf', 'la__degree': 4, 'la__coef0': 0.1479999718238675, 'la__gamma': 0.48997824884917546, 'la__C': 14895.502071969851, 'la__epsilon': 0.0030072734024896635}",0.5240447553753086,0.5013587123537053,0.33786744330445817,0.20120120120120122
effort/china.csv,19,none,minmax,none,svr,moead,"['sa', 'sd', 'effect size', 'pred25']",0.022000551223754883,"{'la__kernel': 'rbf', 'la__degree': 3, 'la__coef0': 0.05909556617634736, 'la__gamma': 0.609100664573263, 'la__C': 11469.940445920847, 'la__epsilon': 0.4882604229058979}",0.5205142974695688,0.4972838799019827,0.33652712964661796,0.20120120120120122
effort/china.csv,20,none,minmax,none,svr,random search,"['sa', 'sd', 'effect size', 'pred25']",0.030998945236206055,"{'la__degree': 4, 'la__coef0': 0.4346398117762043, 'la__gamma': 0.5019799589373845, 'la__C': 5264.055314539686, 'la__epsilon': 0.9504732390754289, 'la__kernel': 'sigmoid'}",0.4827232752248752,0.40025084187857135,0.3239562296233076,0.2192192192192192
effort/china.csv,20,none,minmax,none,svr,sway,"['sa', 'sd', 'effect size', 'pred25']",0.023998737335205078,"{'la__degree': 4, 'la__coef0': 0.9323861899814193, 'la__gamma': 0.17825247645040704, 'la__C': 13723.291427342157, 'la__epsilon': 0.23002347271042067, 'la__kernel': 'rbf'}",0.47629052393294496,0.3758076535477932,0.31892047346914437,0.21021021021021022
effort/china.csv,20,none,minmax,none,svr,tpe,"['sa', 'sd', 'effect size', 'pred25']",0.028163909912109375,"{'la__C': 15000.0, 'la__coef0': 0.999, 'la__degree': 5, 'la__epsilon': 1e-05, 'la__gamma': 0.999999, 'la__kernel': 'rbf'}",0.44859373880199266,0.3688460252515215,0.3011124306251913,0.17717717717717718
effort/china.csv,20,none,minmax,none,svr,nsga-ii,"['sa', 'sd', 'effect size', 'pred25']",0.020000934600830078,"{'la__kernel': 'sigmoid', 'la__degree': 4, 'la__coef0': 0.15787272051229034, 'la__gamma': 0.2893893399830848, 'la__C': 11200.08415958667, 'la__epsilon': 0.002193449209420703}",0.4838942273495898,0.43042930355801085,0.32397194841849725,0.21921921921921925
effort/china.csv,20,none,minmax,none,svr,nsga-iii,"['sa', 'sd', 'effect size', 'pred25']",0.024999141693115234,"{'la__kernel': 'sigmoid', 'la__degree': 3, 'la__coef0': 0.4422801671466178, 'la__gamma': 0.43040675161031827, 'la__C': 13270.786825723684, 'la__epsilon': 0.7479068544693972}",0.48889711716888823,0.4243338108344332,0.3274527714911943,0.2132132132132132
effort/china.csv,20,none,minmax,none,svr,moead,"['sa', 'sd', 'effect size', 'pred25']",0.02000713348388672,"{'la__kernel': 'sigmoid', 'la__degree': 4, 'la__coef0': 0.8184441237976964, 'la__gamma': 0.3474045645023916, 'la__C': 13538.25966877301, 'la__epsilon': 0.27346082691815715}",0.486276918124175,0.4087926083021511,0.3268195300527442,0.22822822822822827
effort/isbsg10.csv,0,none,minmax,none,svr,random search,"['sa', 'sd', 'effect size', 'pred25']",0.03099846839904785,"{'la__degree': 4, 'la__coef0': 0.46681691886854304, 'la__gamma': 0.15899351150843677, 'la__C': 757.0712879706231, 'la__epsilon': 0.20611244040902196, 'la__kernel': 'rbf'}",0.3545972443376806,0.19080735837569462,0.38118186945717447,0.2916666666666667
effort/isbsg10.csv,0,none,minmax,none,svr,sway,"['sa', 'sd', 'effect size', 'pred25']",0.017993927001953125,"{'la__degree': 3, 'la__coef0': 0.944862434416725, 'la__gamma': 0.24374535175351955, 'la__C': 888.3431131960368, 'la__epsilon': 0.07368935615718841, 'la__kernel': 'rbf'}",0.3627509832556641,0.1944449850448938,0.38925024599034713,0.2916666666666667
effort/isbsg10.csv,0,none,minmax,none,svr,tpe,"['sa', 'sd', 'effect size', 'pred25']",0.020009756088256836,"{'la__C': 15000.0, 'la__coef0': 0.999, 'la__degree': 5, 'la__epsilon': 0.999999, 'la__gamma': 1e-05, 'la__kernel': 'poly'}",0.27072736939768766,0.17394162839206315,0.2867244114045482,0.20833333333333334
effort/isbsg10.csv,0,none,minmax,none,svr,nsga-ii,"['sa', 'sd', 'effect size', 'pred25']",0.020002365112304688,"{'la__kernel': 'rbf', 'la__degree': 3, 'la__coef0': 0.7278487644462881, 'la__gamma': 0.19120839043324428, 'la__C': 558.4979340001458, 'la__epsilon': 0.29898655343493885}",0.37993874620812385,0.19131453670134993,0.4150491454302314,0.3333333333333333
effort/isbsg10.csv,0,none,minmax,none,svr,nsga-iii,"['sa', 'sd', 'effect size', 'pred25']",0.01899862289428711,"{'la__kernel': 'poly', 'la__degree': 3, 'la__coef0': 0.14657908524529123, 'la__gamma': 0.018634363674036758, 'la__C': 9658.437467352202, 'la__epsilon': 0.970316353759991}",0.36525357632293415,0.10075397297322645,0.39206674086551724,0.2916666666666667
effort/isbsg10.csv,0,none,minmax,none,svr,moead,"['sa', 'sd', 'effect size', 'pred25']",0.0201876163482666,"{'la__kernel': 'rbf', 'la__degree': 3, 'la__coef0': 0.21952974249341697, 'la__gamma': 0.4299686202846208, 'la__C': 545.7389914392267, 'la__epsilon': 0.7770440565689554}",0.3609617300569214,0.1935858216494127,0.38900253385545086,0.25
effort/isbsg10.csv,1,none,minmax,none,svr,random search,"['sa', 'sd', 'effect size', 'pred25']",0.030185937881469727,"{'la__degree': 3, 'la__coef0': 0.3542923947487555, 'la__gamma': 0.7667888531942507, 'la__C': 802.4345123156008, 'la__epsilon': 0.7854140338561213, 'la__kernel': 'sigmoid'}",0.296426353312285,0.20845670622435905,0.34215269075374755,0.3611111111111111
effort/isbsg10.csv,1,none,minmax,none,svr,sway,"['sa', 'sd', 'effect size', 'pred25']",0.020005226135253906,"{'la__degree': 3, 'la__coef0': 0.6450175957503613, 'la__gamma': 0.4605905472125592, 'la__C': 1401.0200172854882, 'la__epsilon': 0.550567430624418, 'la__kernel': 'sigmoid'}",0.30197878921119964,0.293320337965223,0.3471368159087454,0.2824074074074074
effort/isbsg10.csv,1,none,minmax,none,svr,tpe,"['sa', 'sd', 'effect size', 'pred25']",0.02000141143798828,"{'la__C': 15000.0, 'la__coef0': 0.999, 'la__degree': 5, 'la__epsilon': 0.999999, 'la__gamma': 1e-05, 'la__kernel': 'poly'}",0.2870656067199621,0.1555661008805063,0.3328756050093033,0.27777777777777773
effort/isbsg10.csv,1,none,minmax,none,svr,nsga-ii,"['sa', 'sd', 'effect size', 'pred25']",0.021008729934692383,"{'la__kernel': 'sigmoid', 'la__degree': 3, 'la__coef0': 0.9016052165117407, 'la__gamma': 0.637598556173989, 'la__C': 4434.584813195655, 'la__epsilon': 0.5866806252052098}",0.3164599623500744,0.2620305009158747,0.36747187790685937,0.32407407407407407
effort/isbsg10.csv,1,none,minmax,none,svr,nsga-iii,"['sa', 'sd', 'effect size', 'pred25']",0.02299642562866211,"{'la__kernel': 'sigmoid', 'la__degree': 4, 'la__coef0': 0.6724690661563206, 'la__gamma': 0.6878759263426448, 'la__C': 2904.168656066913, 'la__epsilon': 0.9637597935013961}",0.3159171825409165,0.2601346686333585,0.3645720457638694,0.32407407407407407
effort/isbsg10.csv,1,none,minmax,none,svr,moead,"['sa', 'sd', 'effect size', 'pred25']",0.021001100540161133,"{'la__kernel': 'rbf', 'la__degree': 4, 'la__coef0': 0.34380710186183, 'la__gamma': 0.37714945489361973, 'la__C': 40.38823080070415, 'la__epsilon': 0.18585663387138207}",0.28248667573905134,0.19432612982946326,0.3263937939365104,0.3194444444444444
effort/isbsg10.csv,2,none,minmax,none,svr,random search,"['sa', 'sd', 'effect size', 'pred25']",0.031000614166259766,"{'la__degree': 4, 'la__coef0': 0.9230033271554685, 'la__gamma': 0.9556606512435917, 'la__C': 761.9201894880098, 'la__epsilon': 0.59219348708467, 'la__kernel': 'sigmoid'}",-0.5453041474053557,-0.11771685996663465,1.359269264204377,0.16203703703703703
effort/isbsg10.csv,2,none,minmax,none,svr,sway,"['sa', 'sd', 'effect size', 'pred25']",0.018173694610595703,"{'la__degree': 4, 'la__coef0': 0.16508701230362433, 'la__gamma': 0.31035395744890615, 'la__C': 900.8423280773324, 'la__epsilon': 0.04598987507322564, 'la__kernel': 'rbf'}",-0.5155433483602078,-0.047882790249036224,1.237566346355875,0.12037037037037036
effort/isbsg10.csv,2,none,minmax,none,svr,tpe,"['sa', 'sd', 'effect size', 'pred25']",0.019997596740722656,"{'la__C': 1.0, 'la__coef0': 0.0, 'la__degree': 5, 'la__epsilon': 1e-05, 'la__gamma': 1e-05, 'la__kernel': 'poly'}",-0.4853691315729358,0.0012074314209895947,1.1917366875742836,0.0787037037037037
effort/isbsg10.csv,2,none,minmax,none,svr,nsga-ii,"['sa', 'sd', 'effect size', 'pred25']",0.023151874542236328,"{'la__kernel': 'rbf', 'la__degree': 3, 'la__coef0': 0.050326135742797776, 'la__gamma': 0.9717116201088656, 'la__C': 1142.406876826776, 'la__epsilon': 0.1474501589938182}",-0.5480008166877021,-0.12067748796819018,1.3540594659439256,0.16203703703703703
effort/isbsg10.csv,2,none,minmax,none,svr,nsga-iii,"['sa', 'sd', 'effect size', 'pred25']",0.020271778106689453,"{'la__kernel': 'rbf', 'la__degree': 3, 'la__coef0': 0.11471863378416142, 'la__gamma': 0.9022985245810321, 'la__C': 993.4906539739004, 'la__epsilon': 0.11952750570914147}",-0.5478354881133337,-0.10965750794695088,1.3670680493285847,0.16203703703703703
effort/isbsg10.csv,2,none,minmax,none,svr,moead,"['sa', 'sd', 'effect size', 'pred25']",0.02399921417236328,"{'la__kernel': 'rbf', 'la__degree': 4, 'la__coef0': 0.6454030601191912, 'la__gamma': 0.7416422319443727, 'la__C': 1640.1351400896099, 'la__epsilon': 0.8796886009697806}",-0.5273350946901715,-0.06866876503830366,1.3299999036229229,0.19444444444444442
effort/isbsg10.csv,3,none,minmax,none,svr,random search,"['sa', 'sd', 'effect size', 'pred25']",0.030000686645507812,"{'la__degree': 3, 'la__coef0': 0.7790703198353076, 'la__gamma': 0.6000380273044321, 'la__C': 1249.0415385030303, 'la__epsilon': 0.7197182414633215, 'la__kernel': 'rbf'}",0.289545956353412,0.25680150776681926,0.3557741937953569,0.3333333333333333
effort/isbsg10.csv,3,none,minmax,none,svr,sway,"['sa', 'sd', 'effect size', 'pred25']",0.028623580932617188,"{'la__degree': 3, 'la__coef0': 0.9327538531667419, 'la__gamma': 0.00048251121185920897, 'la__C': 14177.659095432908, 'la__epsilon': 0.6434317199628605, 'la__kernel': 'poly'}",0.2601705710477363,0.24169299936662272,0.32008144323218063,0.2916666666666667
effort/isbsg10.csv,3,none,minmax,none,svr,tpe,"['sa', 'sd', 'effect size', 'pred25']",0.020000219345092773,"{'la__C': 1.0, 'la__coef0': 0.0, 'la__degree': 3, 'la__epsilon': 1e-05, 'la__gamma': 0.999999, 'la__kernel': 'poly'}",0.2869164493089556,0.19034255339843223,0.35427972419492937,0.25
effort/isbsg10.csv,3,none,minmax,none,svr,nsga-ii,"['sa', 'sd', 'effect size', 'pred25']",0.023999929428100586,"{'la__kernel': 'rbf', 'la__degree': 3, 'la__coef0': 0.623963783101997, 'la__gamma': 0.1998522789994099, 'la__C': 749.2497122030527, 'la__epsilon': 0.011000058317055713}",0.3062748509710735,0.2504573335030011,0.3833612332564938,0.3333333333333333
effort/isbsg10.csv,3,none,minmax,none,svr,nsga-iii,"['sa', 'sd', 'effect size', 'pred25']",0.021993160247802734,"{'la__kernel': 'rbf', 'la__degree': 4, 'la__coef0': 0.8597272709435068, 'la__gamma': 0.3238912209197418, 'la__C': 1288.0600315036531, 'la__epsilon': 0.37131854607406833}",0.29313075136480926,0.26298996537485547,0.3615522746898619,0.3333333333333333
effort/isbsg10.csv,3,none,minmax,none,svr,moead,"['sa', 'sd', 'effect size', 'pred25']",0.021996021270751953,"{'la__kernel': 'sigmoid', 'la__degree': 4, 'la__coef0': 0.7427847677111685, 'la__gamma': 0.9507978673680458, 'la__C': 107.68803192742374, 'la__epsilon': 0.2031936958759303}",0.25187824790501895,0.23311650358535183,0.3091393308212009,0.3333333333333333
effort/isbsg10.csv,4,none,minmax,none,svr,random search,"['sa', 'sd', 'effect size', 'pred25']",0.029047727584838867,"{'la__degree': 3, 'la__coef0': 0.202854197810585, 'la__gamma': 0.9152622799809802, 'la__C': 10.659102376909999, 'la__epsilon': 0.9176430018279537, 'la__kernel': 'sigmoid'}",0.24597333878791075,0.17190066631625942,0.2544509023555164,0.27777777777777773
effort/isbsg10.csv,4,none,minmax,none,svr,sway,"['sa', 'sd', 'effect size', 'pred25']",0.02099919319152832,"{'la__degree': 3, 'la__coef0': 0.8964847760544108, 'la__gamma': 0.944669535080875, 'la__C': 644.2112451547928, 'la__epsilon': 0.0313299241268506, 'la__kernel': 'sigmoid'}",0.24859677974785,0.17988743444024405,0.25711933040240065,0.3148148148148148
effort/isbsg10.csv,4,none,minmax,none,svr,tpe,"['sa', 'sd', 'effect size', 'pred25']",0.02100086212158203,"{'la__C': 1.0, 'la__coef0': 0.0, 'la__degree': 3, 'la__epsilon': 0.999999, 'la__gamma': 0.999999, 'la__kernel': 'sigmoid'}",0.24700686850358333,0.1759821113847216,0.2557691072477089,0.27777777777777773
effort/isbsg10.csv,4,none,minmax,none,svr,nsga-ii,"['sa', 'sd', 'effect size', 'pred25']",0.019000530242919922,"{'la__kernel': 'sigmoid', 'la__degree': 3, 'la__coef0': 0.9988844795590825, 'la__gamma': 0.6059532052753596, 'la__C': 1702.253702595016, 'la__epsilon': 0.12349336968313239}",0.2530896647038731,0.20318037115090967,0.2606636185846372,0.27314814814814814
effort/isbsg10.csv,4,none,minmax,none,svr,nsga-iii,"['sa', 'sd', 'effect size', 'pred25']",0.022998809814453125,"{'la__kernel': 'sigmoid', 'la__degree': 3, 'la__coef0': 0.886431184852855, 'la__gamma': 0.9912565776998621, 'la__C': 1328.2302596802106, 'la__epsilon': 0.4235035235340623}",0.25052951103551124,0.1880225782219966,0.25793489469332737,0.3148148148148148
effort/isbsg10.csv,4,none,minmax,none,svr,moead,"['sa', 'sd', 'effect size', 'pred25']",0.019997596740722656,"{'la__kernel': 'rbf', 'la__degree': 3, 'la__coef0': 0.6239106606484274, 'la__gamma': 0.5903189422035163, 'la__C': 202.60590529929186, 'la__epsilon': 0.6548827416143881}",0.24060606346431146,0.17607760745464685,0.24644916853335155,0.3148148148148148
effort/isbsg10.csv,5,none,minmax,none,svr,random search,"['sa', 'sd', 'effect size', 'pred25']",0.029998302459716797,"{'la__degree': 4, 'la__coef0': 0.5774085907667296, 'la__gamma': 0.0630932549697845, 'la__C': 10077.571797090277, 'la__epsilon': 0.25006708310732717, 'la__kernel': 'rbf'}",0.5275096138102318,0.4364922064257497,0.572732550228947,0.24537037037037038
effort/isbsg10.csv,5,none,minmax,none,svr,sway,"['sa', 'sd', 'effect size', 'pred25']",0.021998882293701172,"{'la__degree': 4, 'la__coef0': 0.8872846496843846, 'la__gamma': 0.43364917494667854, 'la__C': 13081.501755644476, 'la__epsilon': 0.6274198445224181, 'la__kernel': 'poly'}",0.47271803227897324,0.41329492655484695,0.5264466364510763,0.19907407407407407
effort/isbsg10.csv,5,none,minmax,none,svr,tpe,"['sa', 'sd', 'effect size', 'pred25']",0.02100062370300293,"{'la__C': 15000.0, 'la__coef0': 0.999, 'la__degree': 3, 'la__epsilon': 1e-05, 'la__gamma': 0.999999, 'la__kernel': 'poly'}",0.48846720615179046,0.42235844586078275,0.5472610920908759,0.23611111111111108
effort/isbsg10.csv,5,none,minmax,none,svr,nsga-ii,"['sa', 'sd', 'effect size', 'pred25']",0.018999576568603516,"{'la__kernel': 'poly', 'la__degree': 3, 'la__coef0': 0.8733165503705428, 'la__gamma': 0.18716061132468165, 'la__C': 3873.2578853862396, 'la__epsilon': 0.9985613706643979}",0.4856848775780775,0.41397753907426527,0.5431082826517947,0.3148148148148148
effort/isbsg10.csv,5,none,minmax,none,svr,nsga-iii,"['sa', 'sd', 'effect size', 'pred25']",0.01999497413635254,"{'la__kernel': 'poly', 'la__degree': 3, 'la__coef0': 0.6726149769594834, 'la__gamma': 0.04303834804627471, 'la__C': 5604.854396432986, 'la__epsilon': 0.4921545673395695}",0.544818814596907,0.4670417831009847,0.5930544162560997,0.2824074074074074
effort/isbsg10.csv,5,none,minmax,none,svr,moead,"['sa', 'sd', 'effect size', 'pred25']",0.020001888275146484,"{'la__kernel': 'rbf', 'la__degree': 3, 'la__coef0': 0.21422355744826851, 'la__gamma': 0.06896820861901563, 'la__C': 6558.817105067473, 'la__epsilon': 0.010520523920319737}",0.5624866024723238,0.43043653547299815,0.6156360963541435,0.2824074074074074
effort/isbsg10.csv,6,none,minmax,none,svr,random search,"['sa', 'sd', 'effect size', 'pred25']",0.029998779296875,"{'la__degree': 3, 'la__coef0': 0.7074053199352862, 'la__gamma': 0.0032994565567254974, 'la__C': 1423.8825158683185, 'la__epsilon': 0.5827994316291846, 'la__kernel': 'rbf'}",-1.1409140843823338,0.04824499605465856,1.9720036973337354,0.125
effort/isbsg10.csv,6,none,minmax,none,svr,sway,"['sa', 'sd', 'effect size', 'pred25']",0.021001815795898438,"{'la__degree': 4, 'la__coef0': 0.9558469631662884, 'la__gamma': 0.06003712038175571, 'la__C': 198.50657504831605, 'la__epsilon': 0.8252657731978783, 'la__kernel': 'rbf'}",-1.1383033864713066,0.0800809693481727,1.955682697405052,0.125
effort/isbsg10.csv,6,none,minmax,none,svr,tpe,"['sa', 'sd', 'effect size', 'pred25']",0.023002147674560547,"{'la__C': 15000.0, 'la__coef0': 0.999, 'la__degree': 5, 'la__epsilon': 1e-05, 'la__gamma': 1e-05, 'la__kernel': 'poly'}",-1.2495673983799287,0.09119244303730396,2.091000363686101,0.08333333333333333
effort/isbsg10.csv,6,none,minmax,none,svr,nsga-ii,"['sa', 'sd', 'effect size', 'pred25']",0.019996166229248047,"{'la__kernel': 'sigmoid', 'la__degree': 3, 'la__coef0': 0.5935650874762941, 'la__gamma': 0.9938526266565533, 'la__C': 1412.4073983315338, 'la__epsilon': 0.7308692157225978}",-1.2338521931865554,0.09557007397811723,2.07476836740919,0.08333333333333333
effort/isbsg10.csv,6,none,minmax,none,svr,nsga-iii,"['sa', 'sd', 'effect size', 'pred25']",0.02799510955810547,"{'la__kernel': 'sigmoid', 'la__degree': 3, 'la__coef0': 0.7775200088922525, 'la__gamma': 0.9311824960292464, 'la__C': 1892.7945218455336, 'la__epsilon': 0.8382682477049304}",-1.0655420269175513,-0.025963356401416077,1.9341303436004997,0.20833333333333334
effort/isbsg10.csv,6,none,minmax,none,svr,moead,"['sa', 'sd', 'effect size', 'pred25']",0.018997907638549805,"{'la__kernel': 'poly', 'la__degree': 4, 'la__coef0': 0.08359827101463294, 'la__gamma': 0.0267550526920724, 'la__C': 525.8209488041228, 'la__epsilon': 0.12572115994836686}",-1.106219396397256,0.034930844958958075,1.9544531832260923,0.16666666666666666
effort/isbsg10.csv,7,none,minmax,none,svr,random search,"['sa', 'sd', 'effect size', 'pred25']",0.030999422073364258,"{'la__degree': 3, 'la__coef0': 0.6943273884695577, 'la__gamma': 0.3318118595202539, 'la__C': 878.7565601891638, 'la__epsilon': 0.9100722776452608, 'la__kernel': 'rbf'}",0.18961400289044636,0.15690642233137417,0.6078011513617029,0.3287037037037037
effort/isbsg10.csv,7,none,minmax,none,svr,sway,"['sa', 'sd', 'effect size', 'pred25']",0.019000768661499023,"{'la__degree': 4, 'la__coef0': 0.0012201745898528637, 'la__gamma': 0.9822085230824608, 'la__C': 683.5504713601432, 'la__epsilon': 0.07553351035381113, 'la__kernel': 'sigmoid'}",0.2739877125086579,0.2779555319076192,0.32136958815292166,0.3287037037037037
effort/isbsg10.csv,7,none,minmax,none,svr,tpe,"['sa', 'sd', 'effect size', 'pred25']",0.01899862289428711,"{'la__C': 15000.0, 'la__coef0': 0.999, 'la__degree': 5, 'la__epsilon': 0.999999, 'la__gamma': 1e-05, 'la__kernel': 'poly'}",0.27941024576272516,0.213378897083484,0.3255444827975417,0.27777777777777773
effort/isbsg10.csv,7,none,minmax,none,svr,nsga-ii,"['sa', 'sd', 'effect size', 'pred25']",0.02099919319152832,"{'la__kernel': 'rbf', 'la__degree': 3, 'la__coef0': 0.6813268311360149, 'la__gamma': 0.4050773978320049, 'la__C': 1254.21533250789, 'la__epsilon': 0.7386734620276985}",0.33272676598087264,0.3356033951776574,0.3908242641641437,0.24537037037037038
effort/isbsg10.csv,7,none,minmax,none,svr,nsga-iii,"['sa', 'sd', 'effect size', 'pred25']",0.01999950408935547,"{'la__kernel': 'sigmoid', 'la__degree': 3, 'la__coef0': 0.8654267150481987, 'la__gamma': 0.7387770262317253, 'la__C': 3140.538838968214, 'la__epsilon': 0.8204594211590386}",0.17920460441494987,0.17789676478651603,0.6249514388130168,0.28703703703703703
effort/isbsg10.csv,7,none,minmax,none,svr,moead,"['sa', 'sd', 'effect size', 'pred25']",0.021001577377319336,"{'la__kernel': 'sigmoid', 'la__degree': 4, 'la__coef0': 0.6684071153436084, 'la__gamma': 0.6806997915431031, 'la__C': 4776.646711871057, 'la__epsilon': 0.5933073852570597}",0.11685798724282763,0.25703208659284393,0.6693929178120414,0.125
effort/isbsg10.csv,8,none,minmax,none,svr,random search,"['sa', 'sd', 'effect size', 'pred25']",0.2520020008087158,"{'la__degree': 3, 'la__coef0': 0.13129883823225824, 'la__gamma': 0.008032300197204701, 'la__C': 12279.372909513539, 'la__epsilon': 0.1650607391411132, 'la__kernel': 'poly'}",0.2102045931555406,0.13940927838498243,0.5697638631719238,0.2824074074074074
effort/isbsg10.csv,8,none,minmax,none,svr,sway,"['sa', 'sd', 'effect size', 'pred25']",0.023000240325927734,"{'la__degree': 3, 'la__coef0': 0.16632358420799165, 'la__gamma': 0.569470192824198, 'la__C': 845.9050244612093, 'la__epsilon': 0.8776199153977007, 'la__kernel': 'rbf'}",0.2660284767144031,0.16066975769905747,0.3181852917264833,0.20370370370370372
effort/isbsg10.csv,8,none,minmax,none,svr,tpe,"['sa', 'sd', 'effect size', 'pred25']",0.018997669219970703,"{'la__C': 15000.0, 'la__coef0': 0.999, 'la__degree': 5, 'la__epsilon': 0.999999, 'la__gamma': 1e-05, 'la__kernel': 'poly'}",0.2567380866961767,0.17482938591301087,0.30868494700734594,0.20370370370370372
effort/isbsg10.csv,8,none,minmax,none,svr,nsga-ii,"['sa', 'sd', 'effect size', 'pred25']",0.01999664306640625,"{'la__kernel': 'sigmoid', 'la__degree': 3, 'la__coef0': 0.808079082533715, 'la__gamma': 0.14848771003368175, 'la__C': 13063.219330364196, 'la__epsilon': 0.1337208053496006}",0.2925924111749239,0.0731598348740629,0.5423796525468999,0.40277777777777773
effort/isbsg10.csv,8,none,minmax,none,svr,nsga-iii,"['sa', 'sd', 'effect size', 'pred25']",0.0189969539642334,"{'la__kernel': 'sigmoid', 'la__degree': 3, 'la__coef0': 0.4916729218623853, 'la__gamma': 0.14537650754454895, 'la__C': 8539.688707984085, 'la__epsilon': 0.72554521316676}",0.19686033666673075,0.1497106191264832,0.5697258303403024,0.24537037037037038
effort/isbsg10.csv,8,none,minmax,none,svr,moead,"['sa', 'sd', 'effect size', 'pred25']",0.019996166229248047,"{'la__kernel': 'sigmoid', 'la__degree': 4, 'la__coef0': 0.5573906512770034, 'la__gamma': 0.14760997831574543, 'la__C': 8478.519130978815, 'la__epsilon': 0.3609678716470458}",0.2806525323312792,0.08920153540810712,0.4813624134446399,0.32407407407407407
effort/isbsg10.csv,9,none,minmax,none,svr,random search,"['sa', 'sd', 'effect size', 'pred25']",0.03400087356567383,"{'la__degree': 3, 'la__coef0': 0.4703005129695564, 'la__gamma': 0.8002724287749293, 'la__C': 924.3948125855245, 'la__epsilon': 0.28437489376283176, 'la__kernel': 'rbf'}",0.12663938059847604,0.131094256078911,0.5625629648909088,0.25
effort/isbsg10.csv,9,none,minmax,none,svr,sway,"['sa', 'sd', 'effect size', 'pred25']",0.021002531051635742,"{'la__degree': 3, 'la__coef0': 0.11366311915838487, 'la__gamma': 0.5814063960011537, 'la__C': 1050.3175973877478, 'la__epsilon': 0.686499761810543, 'la__kernel': 'rbf'}",0.320894565324042,0.17601228948869208,0.33168006047327975,0.2916666666666667
effort/isbsg10.csv,9,none,minmax,none,svr,tpe,"['sa', 'sd', 'effect size', 'pred25']",0.01999807357788086,"{'la__C': 15000.0, 'la__coef0': 0.999, 'la__degree': 5, 'la__epsilon': 0.999999, 'la__gamma': 1e-05, 'la__kernel': 'poly'}",0.2914954953168695,0.17806458848412585,0.2987912636041674,0.2916666666666667
effort/isbsg10.csv,9,none,minmax,none,svr,nsga-ii,"['sa', 'sd', 'effect size', 'pred25']",0.021996259689331055,"{'la__kernel': 'rbf', 'la__degree': 3, 'la__coef0': 0.0050534523429742115, 'la__gamma': 0.40849547068139286, 'la__C': 645.2012835078314, 'la__epsilon': 0.3658875195848729}",0.34409366492511756,0.18441054275472524,0.3597484917766985,0.2916666666666667
effort/isbsg10.csv,9,none,minmax,none,svr,nsga-iii,"['sa', 'sd', 'effect size', 'pred25']",0.01999497413635254,"{'la__kernel': 'rbf', 'la__degree': 3, 'la__coef0': 0.5055821470824502, 'la__gamma': 0.41644795732365225, 'la__C': 687.7801310084242, 'la__epsilon': 0.1462207252575317}",0.34508620409262075,0.18431400332247472,0.36366098655675466,0.2916666666666667
effort/isbsg10.csv,9,none,minmax,none,svr,moead,"['sa', 'sd', 'effect size', 'pred25']",0.019999265670776367,"{'la__kernel': 'rbf', 'la__degree': 3, 'la__coef0': 0.7092784218053287, 'la__gamma': 0.7737202976767031, 'la__C': 478.67210136135157, 'la__epsilon': 0.06758551511792205}",0.3077947302269105,0.18627005090419224,0.31671286308773516,0.2916666666666667
effort/isbsg10.csv,10,none,minmax,none,svr,random search,"['sa', 'sd', 'effect size', 'pred25']",0.031000852584838867,"{'la__degree': 3, 'la__coef0': 0.42816084335649524, 'la__gamma': 0.35484377201112466, 'la__C': 1114.4279278584136, 'la__epsilon': 0.3429266797007189, 'la__kernel': 'rbf'}",0.2868652283236614,0.23733164143712573,0.3344975677909088,0.20370370370370372
effort/isbsg10.csv,10,none,minmax,none,svr,sway,"['sa', 'sd', 'effect size', 'pred25']",0.032998085021972656,"{'la__degree': 3, 'la__coef0': 0.9988828167698158, 'la__gamma': 0.29236830845118666, 'la__C': 1155.3233524155264, 'la__epsilon': 0.5848089713627456, 'la__kernel': 'sigmoid'}",0.27058423313688973,0.2517575507622338,0.3124733831881053,0.19907407407407407
effort/isbsg10.csv,10,none,minmax,none,svr,tpe,"['sa', 'sd', 'effect size', 'pred25']",0.02500295639038086,"{'la__C': 1.0, 'la__coef0': 0.0, 'la__degree': 3, 'la__epsilon': 1e-05, 'la__gamma': 0.999999, 'la__kernel': 'poly'}",0.24700722228678826,0.22627624740331095,0.28752866186098197,0.19907407407407407
effort/isbsg10.csv,10,none,minmax,none,svr,nsga-ii,"['sa', 'sd', 'effect size', 'pred25']",0.024010419845581055,"{'la__kernel': 'sigmoid', 'la__degree': 3, 'la__coef0': 0.03222599979734911, 'la__gamma': 0.4024963150276595, 'la__C': 3241.089628522936, 'la__epsilon': 0.7210125125164429}",0.31727918100543634,0.20010165914979827,0.36143199271450027,0.4490740740740741
effort/isbsg10.csv,10,none,minmax,none,svr,nsga-iii,"['sa', 'sd', 'effect size', 'pred25']",0.021001577377319336,"{'la__kernel': 'rbf', 'la__degree': 3, 'la__coef0': 0.5388856427422928, 'la__gamma': 0.17925768794495084, 'la__C': 710.904558648963, 'la__epsilon': 0.24166576995172018}",0.3210306061991783,0.1674730485771647,0.3677298461548592,0.4490740740740741
effort/isbsg10.csv,10,none,minmax,none,svr,moead,"['sa', 'sd', 'effect size', 'pred25']",0.018999338150024414,"{'la__kernel': 'rbf', 'la__degree': 3, 'la__coef0': 0.03390528176691981, 'la__gamma': 0.17446595540329068, 'la__C': 725.0854701735316, 'la__epsilon': 0.8224789804925944}",0.33411156348097865,0.22390902121428122,0.3901333285045185,0.20370370370370372
effort/isbsg10.csv,11,none,minmax,none,svr,random search,"['sa', 'sd', 'effect size', 'pred25']",0.03300046920776367,"{'la__degree': 4, 'la__coef0': 0.08799059166551419, 'la__gamma': 0.5238812698540263, 'la__C': 2249.374255203662, 'la__epsilon': 0.12594153323661367, 'la__kernel': 'rbf'}",0.15710566557657454,0.12627711601801547,0.4741501968676534,0.11574074074074074
effort/isbsg10.csv,11,none,minmax,none,svr,sway,"['sa', 'sd', 'effect size', 'pred25']",0.025999069213867188,"{'la__degree': 3, 'la__coef0': 0.979536515586562, 'la__gamma': 0.1278836910496454, 'la__C': 1595.2291573386206, 'la__epsilon': 0.9775014836283424, 'la__kernel': 'rbf'}",-0.022710030984316305,-0.2886230550064696,0.7945030385978628,0.23611111111111108
effort/isbsg10.csv,11,none,minmax,none,svr,tpe,"['sa', 'sd', 'effect size', 'pred25']",0.022000551223754883,"{'la__C': 1.0, 'la__coef0': 0.0, 'la__degree': 3, 'la__epsilon': 1e-05, 'la__gamma': 0.999999, 'la__kernel': 'poly'}",-0.27407359639004814,0.1193692647315621,0.8743286619521514,0.0787037037037037
effort/isbsg10.csv,11,none,minmax,none,svr,nsga-ii,"['sa', 'sd', 'effect size', 'pred25']",0.02000260353088379,"{'la__kernel': 'rbf', 'la__degree': 3, 'la__coef0': 0.08932926667031092, 'la__gamma': 0.31504086767977485, 'la__C': 1597.0043317844481, 'la__epsilon': 0.0008953517648747841}",0.19190118630935912,0.16788890911860685,0.49011085761494205,0.16203703703703703
effort/isbsg10.csv,11,none,minmax,none,svr,nsga-iii,"['sa', 'sd', 'effect size', 'pred25']",0.021999120712280273,"{'la__kernel': 'sigmoid', 'la__degree': 4, 'la__coef0': 0.39437048349859316, 'la__gamma': 0.4270240682763326, 'la__C': 5696.271675174294, 'la__epsilon': 0.01192486282523525}",0.16399048293158894,0.2902122045984168,0.49705912882959363,0.08333333333333333
effort/isbsg10.csv,11,none,minmax,none,svr,moead,"['sa', 'sd', 'effect size', 'pred25']",0.02100086212158203,"{'la__kernel': 'sigmoid', 'la__degree': 3, 'la__coef0': 0.8678938700124851, 'la__gamma': 0.173429865620431, 'la__C': 12350.652288044526, 'la__epsilon': 0.5929905990802002}",0.02045312259615928,0.22783361323675078,0.5701211023731027,0.0787037037037037
effort/isbsg10.csv,12,none,minmax,none,svr,random search,"['sa', 'sd', 'effect size', 'pred25']",0.03060746192932129,"{'la__degree': 3, 'la__coef0': 0.28506716170661667, 'la__gamma': 0.7708354960482322, 'la__C': 8597.36860737183, 'la__epsilon': 0.5281959017430758, 'la__kernel': 'sigmoid'}",0.4624002711486422,0.5936883049671594,0.49098017622513673,0.20833333333333334
effort/isbsg10.csv,12,none,minmax,none,svr,sway,"['sa', 'sd', 'effect size', 'pred25']",0.20200085639953613,"{'la__degree': 4, 'la__coef0': 0.22814389850197617, 'la__gamma': 0.15808140804471815, 'la__C': 14331.848950270432, 'la__epsilon': 0.9989956703580843, 'la__kernel': 'rbf'}",0.3530425341685423,0.4017845514839338,0.37431161452255024,0.20833333333333334
effort/isbsg10.csv,12,none,minmax,none,svr,tpe,"['sa', 'sd', 'effect size', 'pred25']",0.02000284194946289,"{'la__C': 1.0, 'la__coef0': 0.999, 'la__degree': 3, 'la__epsilon': 1e-05, 'la__gamma': 0.999999, 'la__kernel': 'poly'}",0.3157768991580387,0.42577203470968117,0.3340933495974985,0.125
effort/isbsg10.csv,12,none,minmax,none,svr,nsga-ii,"['sa', 'sd', 'effect size', 'pred25']",0.024998188018798828,"{'la__kernel': 'sigmoid', 'la__degree': 3, 'la__coef0': 0.36651777256308865, 'la__gamma': 0.2694878781725238, 'la__C': 5130.91098411009, 'la__epsilon': 0.13630853714702862}",0.45934160930174484,0.5073307598885576,0.48654201117831014,0.3333333333333333
effort/isbsg10.csv,12,none,minmax,none,svr,nsga-iii,"['sa', 'sd', 'effect size', 'pred25']",0.020005464553833008,"{'la__kernel': 'sigmoid', 'la__degree': 3, 'la__coef0': 0.30783896128938026, 'la__gamma': 0.6687520595529876, 'la__C': 7640.018632274707, 'la__epsilon': 0.25543563059922564}",0.49426304884683253,0.4937287904215853,0.5248012577705339,0.3333333333333333
effort/isbsg10.csv,12,none,minmax,none,svr,moead,"['sa', 'sd', 'effect size', 'pred25']",0.019987106323242188,"{'la__kernel': 'sigmoid', 'la__degree': 3, 'la__coef0': 0.5989327635301752, 'la__gamma': 0.6378524634468412, 'la__C': 12269.12604500921, 'la__epsilon': 0.032821596085852965}",0.4962877707393729,0.4989851934891035,0.5283211282267003,0.3333333333333333
effort/isbsg10.csv,13,none,minmax,none,svr,random search,"['sa', 'sd', 'effect size', 'pred25']",0.02899932861328125,"{'la__degree': 3, 'la__coef0': 0.6133096561238733, 'la__gamma': 0.0063616956075953, 'la__C': 4633.669499308561, 'la__epsilon': 0.80006496708168, 'la__kernel': 'sigmoid'}",0.23319680461211376,0.14856346465739553,0.25517807215623084,0.23611111111111108
effort/isbsg10.csv,13,none,minmax,none,svr,sway,"['sa', 'sd', 'effect size', 'pred25']",0.028002262115478516,"{'la__degree': 3, 'la__coef0': 0.8150832168769023, 'la__gamma': 0.03904210792417801, 'la__C': 1178.7849334110858, 'la__epsilon': 0.41895360080576755, 'la__kernel': 'sigmoid'}",0.23089842493139434,0.17030933488799452,0.2517078250092419,0.19907407407407407
effort/isbsg10.csv,13,none,minmax,none,svr,tpe,"['sa', 'sd', 'effect size', 'pred25']",0.023999691009521484,"{'la__C': 15000.0, 'la__coef0': 0.999, 'la__degree': 5, 'la__epsilon': 1e-05, 'la__gamma': 1e-05, 'la__kernel': 'poly'}",0.22587768858475074,0.15249692765384895,0.2481959640996384,0.19907407407407407
effort/isbsg10.csv,13,none,minmax,none,svr,nsga-ii,"['sa', 'sd', 'effect size', 'pred25']",0.021991252899169922,"{'la__kernel': 'sigmoid', 'la__degree': 3, 'la__coef0': 0.44004843183767034, 'la__gamma': 0.1610144126733285, 'la__C': 371.23396944129274, 'la__epsilon': 0.37675265008217995}",0.23525643735925694,0.1508825593092562,0.25915102385444855,0.23611111111111108
effort/isbsg10.csv,13,none,minmax,none,svr,nsga-iii,"['sa', 'sd', 'effect size', 'pred25']",0.01999807357788086,"{'la__kernel': 'sigmoid', 'la__degree': 3, 'la__coef0': 0.7551355257344881, 'la__gamma': 0.20294600844555702, 'la__C': 575.3083628766936, 'la__epsilon': 0.9819574928982124}",0.23358163283063374,0.1508658699089396,0.25693034563218564,0.23611111111111108
effort/isbsg10.csv,13,none,minmax,none,svr,moead,"['sa', 'sd', 'effect size', 'pred25']",0.025999784469604492,"{'la__kernel': 'poly', 'la__degree': 3, 'la__coef0': 0.47773455408948895, 'la__gamma': 0.03260457746331923, 'la__C': 84.50044607660713, 'la__epsilon': 0.9911184136963391}",0.22834682930420688,0.1508179914118082,0.24920598395117813,0.19907407407407407
effort/isbsg10.csv,14,none,minmax,none,svr,random search,"['sa', 'sd', 'effect size', 'pred25']",0.034000396728515625,"{'la__degree': 4, 'la__coef0': 0.4576473325376214, 'la__gamma': 0.5832928669134267, 'la__C': 824.822788261408, 'la__epsilon': 0.6750385058274271, 'la__kernel': 'rbf'}",-1.2267388698647141,-0.011797077173560674,2.153862679528252,0.041666666666666664
effort/isbsg10.csv,14,none,minmax,none,svr,sway,"['sa', 'sd', 'effect size', 'pred25']",0.2229928970336914,"{'la__degree': 3, 'la__coef0': 0.900737149168923, 'la__gamma': 0.07242163505552632, 'la__C': 33.99736775951396, 'la__epsilon': 0.022476328357999984, 'la__kernel': 'rbf'}",-1.2422857418346125,0.05180465995317063,2.1608548296600754,0.041666666666666664
effort/isbsg10.csv,14,none,minmax,none,svr,tpe,"['sa', 'sd', 'effect size', 'pred25']",0.02300095558166504,"{'la__C': 1.0, 'la__coef0': 0.0, 'la__degree': 5, 'la__epsilon': 0.999999, 'la__gamma': 0.999999, 'la__kernel': 'sigmoid'}",-1.2424665962444859,0.05986035871745018,2.151000042620829,0.041666666666666664
effort/isbsg10.csv,14,none,minmax,none,svr,nsga-ii,"['sa', 'sd', 'effect size', 'pred25']",0.019000530242919922,"{'la__kernel': 'rbf', 'la__degree': 3, 'la__coef0': 0.22037136471299973, 'la__gamma': 0.2594005992698778, 'la__C': 469.0396354189563, 'la__epsilon': 0.00047101882198586227}",-0.7616073647715229,0.04455890440147795,1.8906697070793779,0.0787037037037037
effort/isbsg10.csv,14,none,minmax,none,svr,nsga-iii,"['sa', 'sd', 'effect size', 'pred25']",0.021991729736328125,"{'la__kernel': 'rbf', 'la__degree': 3, 'la__coef0': 0.37342714227471435, 'la__gamma': 0.1970093078681344, 'la__C': 415.3801354956804, 'la__epsilon': 0.6727053651053304}",-1.2436034670443765,0.049699148504180855,2.151738350336489,0.041666666666666664
effort/isbsg10.csv,14,none,minmax,none,svr,moead,"['sa', 'sd', 'effect size', 'pred25']",0.020001888275146484,"{'la__kernel': 'rbf', 'la__degree': 3, 'la__coef0': 0.41396985549542675, 'la__gamma': 0.32866918741298445, 'la__C': 199.7959324559315, 'la__epsilon': 0.7580482348999606}",-1.203029531686804,-0.011109368517171148,2.147736859644114,0.041666666666666664
effort/isbsg10.csv,15,none,minmax,none,svr,random search,"['sa', 'sd', 'effect size', 'pred25']",0.03204655647277832,"{'la__degree': 4, 'la__coef0': 0.4011869745121758, 'la__gamma': 0.4294926314922905, 'la__C': 6059.258098712716, 'la__epsilon': 0.3115527714963739, 'la__kernel': 'sigmoid'}",0.09851142752381066,0.2133611489247668,0.4934515229771141,0.20833333333333334
effort/isbsg10.csv,15,none,minmax,none,svr,sway,"['sa', 'sd', 'effect size', 'pred25']",0.022002220153808594,"{'la__degree': 4, 'la__coef0': 0.41627402317675594, 'la__gamma': 0.3507625310886498, 'la__C': 7380.032071618067, 'la__epsilon': 0.019872736315364486, 'la__kernel': 'sigmoid'}",0.11934254146383028,0.20645784839667228,0.471258701991818,0.25
effort/isbsg10.csv,15,none,minmax,none,svr,tpe,"['sa', 'sd', 'effect size', 'pred25']",0.019999027252197266,"{'la__C': 1.0, 'la__coef0': 0.0, 'la__degree': 3, 'la__epsilon': 1e-05, 'la__gamma': 0.999999, 'la__kernel': 'poly'}",-0.06107552671217061,0.26308596095973696,0.5463385017796276,0.08333333333333333
effort/isbsg10.csv,15,none,minmax,none,svr,nsga-ii,"['sa', 'sd', 'effect size', 'pred25']",0.02500009536743164,"{'la__kernel': 'sigmoid', 'la__degree': 3, 'la__coef0': 0.7478188011545484, 'la__gamma': 0.2757947377073764, 'la__C': 12724.962605221303, 'la__epsilon': 0.974078146125636}",0.22280007389259512,0.16925760040396562,0.4566836639952189,0.2916666666666667
effort/isbsg10.csv,15,none,minmax,none,svr,nsga-iii,"['sa', 'sd', 'effect size', 'pred25']",0.019999027252197266,"{'la__kernel': 'sigmoid', 'la__degree': 3, 'la__coef0': 0.7096013004279721, 'la__gamma': 0.2533462886865945, 'la__C': 11258.409363512437, 'la__epsilon': 0.5822968003847806}",0.22950925120928953,0.15873418824784769,0.4566922784928819,0.3333333333333333
effort/isbsg10.csv,15,none,minmax,none,svr,moead,"['sa', 'sd', 'effect size', 'pred25']",0.022002458572387695,"{'la__kernel': 'sigmoid', 'la__degree': 3, 'la__coef0': 0.5217094259372884, 'la__gamma': 0.364882381524411, 'la__C': 8941.910351407272, 'la__epsilon': 0.5701317132169136}",0.1741145662502267,0.1754692847597088,0.4901711026594695,0.25
effort/isbsg10.csv,16,none,minmax,none,svr,random search,"['sa', 'sd', 'effect size', 'pred25']",0.031002044677734375,"{'la__degree': 4, 'la__coef0': 0.9847649827809308, 'la__gamma': 0.39340436632166853, 'la__C': 4622.425837100802, 'la__epsilon': 0.41111052269307513, 'la__kernel': 'sigmoid'}",0.33917271711976577,0.31404122760990444,0.34237563980226576,0.24537037037037038
effort/isbsg10.csv,16,none,minmax,none,svr,sway,"['sa', 'sd', 'effect size', 'pred25']",0.018002033233642578,"{'la__degree': 4, 'la__coef0': 0.4753869601498698, 'la__gamma': 0.05060517094584185, 'la__C': 12206.995795811108, 'la__epsilon': 0.799299121756961, 'la__kernel': 'sigmoid'}",0.37320300693749703,0.33294558485646203,0.3736665568678061,0.24074074074074073
effort/isbsg10.csv,16,none,minmax,none,svr,tpe,"['sa', 'sd', 'effect size', 'pred25']",0.020000934600830078,"{'la__C': 1.0, 'la__coef0': 0.999, 'la__degree': 3, 'la__epsilon': 1e-05, 'la__gamma': 0.999999, 'la__kernel': 'poly'}",0.3452894886951037,0.29256428628681,0.3470162744620531,0.12037037037037036
effort/isbsg10.csv,16,none,minmax,none,svr,nsga-ii,"['sa', 'sd', 'effect size', 'pred25']",0.01900005340576172,"{'la__kernel': 'sigmoid', 'la__degree': 3, 'la__coef0': 0.32295674590247714, 'la__gamma': 0.07107101575675934, 'la__C': 13857.902023228342, 'la__epsilon': 0.5034684840997838}",0.43960722176690625,0.3943090040621316,0.44494584364322715,0.25
effort/isbsg10.csv,16,none,minmax,none,svr,nsga-iii,"['sa', 'sd', 'effect size', 'pred25']",0.024003028869628906,"{'la__kernel': 'sigmoid', 'la__degree': 3, 'la__coef0': 0.5726999549548716, 'la__gamma': 0.07768857028708148, 'la__C': 14273.150090016014, 'la__epsilon': 0.025832777169541743}",0.42616949194347714,0.4133825988258805,0.4301883281199624,0.20833333333333334
effort/isbsg10.csv,16,none,minmax,none,svr,moead,"['sa', 'sd', 'effect size', 'pred25']",0.023000001907348633,"{'la__kernel': 'sigmoid', 'la__degree': 4, 'la__coef0': 0.6261927559221214, 'la__gamma': 0.18767060690455808, 'la__C': 7967.801261672309, 'la__epsilon': 0.9991391898222425}",0.3691192559997867,0.31278818547887244,0.36909350236396027,0.19907407407407407
effort/isbsg10.csv,17,none,minmax,none,svr,random search,"['sa', 'sd', 'effect size', 'pred25']",0.02800130844116211,"{'la__degree': 3, 'la__coef0': 0.18858941347216165, 'la__gamma': 0.7171403606928408, 'la__C': 1590.6888360533198, 'la__epsilon': 0.9025153505047069, 'la__kernel': 'rbf'}",0.26965159382962506,0.21530224729188827,0.30585010267266094,0.3194444444444444
effort/isbsg10.csv,17,none,minmax,none,svr,sway,"['sa', 'sd', 'effect size', 'pred25']",0.02100229263305664,"{'la__degree': 4, 'la__coef0': 0.9532473529697166, 'la__gamma': 0.6251581777216468, 'la__C': 207.11151310951513, 'la__epsilon': 0.834081558449037, 'la__kernel': 'rbf'}",0.2597223669137395,0.2729815055726703,0.2957731210430987,0.2824074074074074
effort/isbsg10.csv,17,none,minmax,none,svr,tpe,"['sa', 'sd', 'effect size', 'pred25']",0.020000457763671875,"{'la__C': 15000.0, 'la__coef0': 0.999, 'la__degree': 5, 'la__epsilon': 0.999999, 'la__gamma': 1e-05, 'la__kernel': 'poly'}",0.24856368183604852,0.2802726437050844,0.2822345665997564,0.24074074074074073
effort/isbsg10.csv,17,none,minmax,none,svr,nsga-ii,"['sa', 'sd', 'effect size', 'pred25']",0.02100229263305664,"{'la__kernel': 'rbf', 'la__degree': 5, 'la__coef0': 0.2290793600032328, 'la__gamma': 0.5115082907074683, 'la__C': 1376.5838842260287, 'la__epsilon': 0.5372930720423779}",0.28833397556147616,0.25837399898143376,0.3355126011877923,0.2824074074074074
effort/isbsg10.csv,17,none,minmax,none,svr,nsga-iii,"['sa', 'sd', 'effect size', 'pred25']",0.02499866485595703,"{'la__kernel': 'rbf', 'la__degree': 3, 'la__coef0': 0.08268208739039098, 'la__gamma': 0.668782307803796, 'la__C': 1403.9272786816719, 'la__epsilon': 0.5881227298512698}",0.27099708441553316,0.2745694148469832,0.31465013676246717,0.24537037037037038
effort/isbsg10.csv,17,none,minmax,none,svr,moead,"['sa', 'sd', 'effect size', 'pred25']",0.02299785614013672,"{'la__kernel': 'sigmoid', 'la__degree': 4, 'la__coef0': 0.20507333285978177, 'la__gamma': 0.9097098428029972, 'la__C': 889.7413995469225, 'la__epsilon': 0.03506254533382114}",0.2514646998829049,0.1539488005479693,0.2787040691154346,0.3194444444444444
effort/isbsg10.csv,18,none,minmax,none,svr,random search,"['sa', 'sd', 'effect size', 'pred25']",0.2709996700286865,"{'la__degree': 4, 'la__coef0': 0.6209257196113399, 'la__gamma': 0.5817142384046793, 'la__C': 449.1095856033788, 'la__epsilon': 0.5963727698582902, 'la__kernel': 'sigmoid'}",-0.802142314488742,0.17134093827164998,1.4599109344120362,0.0
effort/isbsg10.csv,18,none,minmax,none,svr,sway,"['sa', 'sd', 'effect size', 'pred25']",0.023007631301879883,"{'la__degree': 3, 'la__coef0': 0.878894530320567, 'la__gamma': 0.060740613423726886, 'la__C': 734.7821027802031, 'la__epsilon': 0.02227523769382388, 'la__kernel': 'sigmoid'}",-0.788148964583324,-0.19121631988914115,1.771438319707145,0.08333333333333333
effort/isbsg10.csv,18,none,minmax,none,svr,tpe,"['sa', 'sd', 'effect size', 'pred25']",0.020000934600830078,"{'la__C': 15000.0, 'la__coef0': 0.999, 'la__degree': 5, 'la__epsilon': 0.999999, 'la__gamma': 1e-05, 'la__kernel': 'poly'}",-0.8136315872695489,0.20655029371543407,1.4670009209308155,0.0
effort/isbsg10.csv,18,none,minmax,none,svr,nsga-ii,"['sa', 'sd', 'effect size', 'pred25']",0.02399921417236328,"{'la__kernel': 'sigmoid', 'la__degree': 4, 'la__coef0': 0.9947228583045138, 'la__gamma': 0.8155613837271886, 'la__C': 113.32497085523426, 'la__epsilon': 0.41557590322629506}",-0.7843891310723284,-0.17701892069265798,1.791401516310741,0.08333333333333333
effort/isbsg10.csv,18,none,minmax,none,svr,nsga-iii,"['sa', 'sd', 'effect size', 'pred25']",0.018996000289916992,"{'la__kernel': 'sigmoid', 'la__degree': 5, 'la__coef0': 0.3308362886586608, 'la__gamma': 0.1525230031595318, 'la__C': 73.56760059379988, 'la__epsilon': 0.18770979658111497}",-0.6332240836703728,-0.35855377383635517,1.7645405675753676,0.16666666666666666
effort/isbsg10.csv,18,none,minmax,none,svr,moead,"['sa', 'sd', 'effect size', 'pred25']",0.01999688148498535,"{'la__kernel': 'sigmoid', 'la__degree': 4, 'la__coef0': 0.988916828990013, 'la__gamma': 0.0338703713926921, 'la__C': 530.4629709887168, 'la__epsilon': 0.19936136877358815}",-0.6505288118832565,-0.3804652778925704,1.773119626201824,0.125
effort/isbsg10.csv,19,none,minmax,none,svr,random search,"['sa', 'sd', 'effect size', 'pred25']",0.034001827239990234,"{'la__degree': 4, 'la__coef0': 0.1452381580069588, 'la__gamma': 0.15527254040216268, 'la__C': 6394.055611425437, 'la__epsilon': 0.862663997600234, 'la__kernel': 'rbf'}",0.32499527609206574,0.38026924199180473,0.2925394487710867,0.15277777777777776
effort/isbsg10.csv,19,none,minmax,none,svr,sway,"['sa', 'sd', 'effect size', 'pred25']",0.023000717163085938,"{'la__degree': 3, 'la__coef0': 0.005665386435344081, 'la__gamma': 0.0397946322610179, 'la__C': 6519.125208654831, 'la__epsilon': 0.9570968026747894, 'la__kernel': 'rbf'}",0.30686583538890516,0.38639018891617843,0.271894769560641,0.1111111111111111
effort/isbsg10.csv,19,none,minmax,none,svr,tpe,"['sa', 'sd', 'effect size', 'pred25']",0.021001577377319336,"{'la__C': 1.0, 'la__coef0': 0.0, 'la__degree': 3, 'la__epsilon': 1e-05, 'la__gamma': 0.999999, 'la__kernel': 'poly'}",0.2701370580200482,0.4275710106254791,0.24834723707541798,0.16203703703703703
effort/isbsg10.csv,19,none,minmax,none,svr,nsga-ii,"['sa', 'sd', 'effect size', 'pred25']",0.020996809005737305,"{'la__kernel': 'rbf', 'la__degree': 3, 'la__coef0': 0.2045682385037909, 'la__gamma': 0.12045378906062155, 'la__C': 6687.997879446545, 'la__epsilon': 0.3652446849886399}",0.31300083226738373,0.3755855073223964,0.2712009641423254,0.27314814814814814
effort/isbsg10.csv,19,none,minmax,none,svr,nsga-iii,"['sa', 'sd', 'effect size', 'pred25']",0.018997669219970703,"{'la__kernel': 'sigmoid', 'la__degree': 3, 'la__coef0': 0.40259049166365996, 'la__gamma': 0.4246023662956696, 'la__C': 12415.64018421378, 'la__epsilon': 0.7916777176573437}",0.3413939180631733,0.4537058130998218,0.3030466947032593,0.20370370370370372
effort/isbsg10.csv,19,none,minmax,none,svr,moead,"['sa', 'sd', 'effect size', 'pred25']",0.02299809455871582,"{'la__kernel': 'rbf', 'la__degree': 3, 'la__coef0': 0.4298746409574507, 'la__gamma': 0.10157687440098709, 'la__C': 5690.964870142658, 'la__epsilon': 0.712594854802037}",0.32449895549069596,0.3941877139837244,0.2930953353312052,0.15277777777777776
effort/isbsg10.csv,20,none,minmax,none,svr,random search,"['sa', 'sd', 'effect size', 'pred25']",0.03900003433227539,"{'la__degree': 3, 'la__coef0': 0.7693390652337875, 'la__gamma': 0.5156974440473928, 'la__C': 1814.6431669803235, 'la__epsilon': 0.8240821462188131, 'la__kernel': 'sigmoid'}",0.26112948933817554,0.43805695951053325,0.2899665583914937,0.3611111111111111
effort/isbsg10.csv,20,none,minmax,none,svr,sway,"['sa', 'sd', 'effect size', 'pred25']",0.024003028869628906,"{'la__degree': 4, 'la__coef0': 0.9085142669948545, 'la__gamma': 0.8753088298250903, 'la__C': 1443.7680871854184, 'la__epsilon': 0.9321517212936765, 'la__kernel': 'rbf'}",0.2559809927808577,0.22596284056968985,0.30317815210993576,0.24074074074074073
effort/isbsg10.csv,20,none,minmax,none,svr,tpe,"['sa', 'sd', 'effect size', 'pred25']",0.019001245498657227,"{'la__C': 15000.0, 'la__coef0': 0.999, 'la__degree': 5, 'la__epsilon': 0.999999, 'la__gamma': 1e-05, 'la__kernel': 'poly'}",0.23333473413678843,0.23418527011027937,0.2740944821620295,0.19907407407407407
effort/isbsg10.csv,20,none,minmax,none,svr,nsga-ii,"['sa', 'sd', 'effect size', 'pred25']",0.019997835159301758,"{'la__kernel': 'sigmoid', 'la__degree': 4, 'la__coef0': 0.0659630917916451, 'la__gamma': 0.5205523904479474, 'la__C': 1966.8081111262431, 'la__epsilon': 0.50246476457757}",0.260654729828021,0.45833095439543464,0.2885948615764098,0.3611111111111111
effort/isbsg10.csv,20,none,minmax,none,svr,nsga-iii,"['sa', 'sd', 'effect size', 'pred25']",0.02399754524230957,"{'la__kernel': 'sigmoid', 'la__degree': 3, 'la__coef0': 0.5369602306061251, 'la__gamma': 0.2996215556793769, 'la__C': 3635.7716671715925, 'la__epsilon': 0.42373909785499586}",0.28034138491321564,0.46173947517447145,0.3158936969132357,0.28703703703703703
effort/isbsg10.csv,20,none,minmax,none,svr,moead,"['sa', 'sd', 'effect size', 'pred25']",0.019002437591552734,"{'la__kernel': 'sigmoid', 'la__degree': 3, 'la__coef0': 0.35523987590238265, 'la__gamma': 0.17947524407016585, 'la__C': 2132.5209845374793, 'la__epsilon': 0.2926560725269958}",0.141977565114082,0.3844216153226343,0.3581948077090768,0.23611111111111108
