ds,pt,m,val,rank
effort/china.csv,default,mar,3274.706586826347,
effort/china.csv,default,mar,2752.735542168675,
effort/china.csv,default,mar,2359.991686746988,
effort/china.csv,default,mar,2230.355119760479,
effort/china.csv,default,mar,2648.998885542168,
effort/china.csv,default,mar,3539.8106927710846,
effort/china.csv,default,mar,2684.539041916168,
effort/china.csv,default,mar,2570.810692771084,
effort/china.csv,default,mar,2938.14186746988,
effort/china.csv,default,mar,3478.0055988023955,
effort/china.csv,default,mar,2689.3958433734942,
effort/china.csv,default,mar,2272.7738253012044,
effort/china.csv,default,mar,3211.109700598802,
effort/china.csv,default,mar,3047.809397590361,
effort/china.csv,default,mar,2620.448554216868,
effort/china.csv,default,mar,2271.569730538922,
effort/china.csv,default,mar,2889.937530120482,
effort/china.csv,default,mar,3229.679397590361,
effort/china.csv,default,mar,2807.310658682636,
effort/china.csv,default,mar,3047.9829216867465,
effort/china.csv,default,mar,2476.3746084337345,
effort/china.csv,default,mar,2778.653353293413,
effort/china.csv,default,mar,2764.6582228915663,
effort/china.csv,default,mar,2736.7240963855425,
effort/china.csv,default,mar,3542.3597604790425,
effort/china.csv,default,mar,2423.6063855421685,
effort/china.csv,default,mar,2306.9312650602405,
effort/china.csv,default,mar,3195.577724550898,
effort/china.csv,default,mar,2634.083674698795,
effort/china.csv,default,mar,2773.403614457832,
effort/china.csv,default,sa,0.4550539834228295,
effort/china.csv,default,sa,0.4988798639769615,
effort/china.csv,default,sa,0.2409718078244834,
effort/china.csv,default,sa,0.453355940083981,
effort/china.csv,default,sa,0.3808256448532151,
effort/china.csv,default,sa,0.4399743932008636,
effort/china.csv,default,sa,0.4913110564106399,
effort/china.csv,default,sa,0.4187842612956417,
effort/china.csv,default,sa,0.4125226616510304,
effort/china.csv,default,sa,0.3465480207359872,
effort/china.csv,default,sa,0.4912561674616088,
effort/china.csv,default,sa,0.4426489094826892,
effort/china.csv,default,sa,0.4810993164679201,
effort/china.csv,default,sa,0.2656972046679819,
effort/china.csv,default,sa,0.3955561117823425,
effort/china.csv,default,sa,0.4114336055947348,
effort/china.csv,default,sa,0.4386977710410489,
effort/china.csv,default,sa,0.4285570839057583,
effort/china.csv,default,sa,0.428677416944399,
effort/china.csv,default,sa,0.4697790738181144,
effort/china.csv,default,sa,0.387367865013646,
effort/china.csv,default,sa,0.3282344279431114,
effort/china.csv,default,sa,0.477718708591188,
effort/china.csv,default,sa,0.4813069519569009,
effort/china.csv,default,sa,0.4754190087163402,
effort/china.csv,default,sa,0.4102930873899568,
effort/china.csv,default,sa,0.3833995904604077,
effort/china.csv,default,sa,0.2416176115139885,
effort/china.csv,default,sa,0.5262440856394204,
effort/china.csv,default,sa,0.4400826970638094,
effort/china.csv,default,sd,0.4013487383333116,
effort/china.csv,default,sd,0.501408077004246,
effort/china.csv,default,sd,0.3448410048979172,
effort/china.csv,default,sd,0.4274437320599227,
effort/china.csv,default,sd,0.3871372457237551,
effort/china.csv,default,sd,0.4480251281325451,
effort/china.csv,default,sd,0.4227095568422558,
effort/china.csv,default,sd,0.4466668481313329,
effort/china.csv,default,sd,0.4691325998239848,
effort/china.csv,default,sd,0.4285717251037462,
effort/china.csv,default,sd,0.502463091029183,
effort/china.csv,default,sd,0.4415399087640401,
effort/china.csv,default,sd,0.4246238927809296,
effort/china.csv,default,sd,0.1351967940587358,
effort/china.csv,default,sd,0.4144474891979502,
effort/china.csv,default,sd,0.4754493961215263,
effort/china.csv,default,sd,0.48997252940361,
effort/china.csv,default,sd,0.4434321847504198,
effort/china.csv,default,sd,0.4627967776715784,
effort/china.csv,default,sd,0.451589483536716,
effort/china.csv,default,sd,0.4682964672793539,
effort/china.csv,default,sd,0.4034843290362633,
effort/china.csv,default,sd,0.4606954049100551,
effort/china.csv,default,sd,0.4830268300963078,
effort/china.csv,default,sd,0.4590566880769325,
effort/china.csv,default,sd,0.5388480019755566,
effort/china.csv,default,sd,0.3975833240308565,
effort/china.csv,default,sd,0.2388794044872479,
effort/china.csv,default,sd,0.4804554913394773,
effort/china.csv,default,sd,0.4218355174446736,
effort/china.csv,default,sdar,3274.706586826347,
effort/china.csv,default,sdar,2752.735542168675,
effort/china.csv,default,sdar,2359.991686746988,
effort/china.csv,default,sdar,2230.355119760479,
effort/china.csv,default,sdar,2648.998885542168,
effort/china.csv,default,sdar,3539.8106927710846,
effort/china.csv,default,sdar,2684.539041916168,
effort/china.csv,default,sdar,2570.810692771084,
effort/china.csv,default,sdar,2938.14186746988,
effort/china.csv,default,sdar,3478.0055988023955,
effort/china.csv,default,sdar,2689.3958433734942,
effort/china.csv,default,sdar,2272.7738253012044,
effort/china.csv,default,sdar,3211.109700598802,
effort/china.csv,default,sdar,3047.809397590361,
effort/china.csv,default,sdar,2620.448554216868,
effort/china.csv,default,sdar,2271.569730538922,
effort/china.csv,default,sdar,2889.937530120482,
effort/china.csv,default,sdar,3229.679397590361,
effort/china.csv,default,sdar,2807.310658682636,
effort/china.csv,default,sdar,3047.9829216867465,
effort/china.csv,default,sdar,2476.3746084337345,
effort/china.csv,default,sdar,2778.653353293413,
effort/china.csv,default,sdar,2764.6582228915663,
effort/china.csv,default,sdar,2736.7240963855425,
effort/china.csv,default,sdar,3542.3597604790425,
effort/china.csv,default,sdar,2423.6063855421685,
effort/china.csv,default,sdar,2306.9312650602405,
effort/china.csv,default,sdar,3195.577724550898,
effort/china.csv,default,sdar,2634.083674698795,
effort/china.csv,default,sdar,2773.403614457832,
effort/china.csv,moead,mar,3103.302411842981,
effort/china.csv,moead,mar,2813.3548770424163,
effort/china.csv,moead,mar,2186.1863983862413,
effort/china.csv,moead,mar,2038.9211246562843,
effort/china.csv,moead,mar,2502.7743221002006,
effort/china.csv,moead,mar,3391.7147784377307,
effort/china.csv,moead,mar,2517.003808895969,
effort/china.csv,moead,mar,2549.4273200468187,
effort/china.csv,moead,mar,2865.6208189144345,
effort/china.csv,moead,mar,3190.547679640719,
effort/china.csv,moead,mar,2588.762374497992,
effort/china.csv,moead,mar,2111.008862372567,
effort/china.csv,moead,mar,3115.434144097951,
effort/china.csv,moead,mar,2478.9971094053635,
effort/china.csv,moead,mar,2438.167795226708,
effort/china.csv,moead,mar,2093.16696987731,
effort/china.csv,moead,mar,2669.4371857508777,
effort/china.csv,moead,mar,2888.597330498464,
effort/china.csv,moead,mar,2650.320540736708,
effort/china.csv,moead,mar,2827.8058188959453,
effort/china.csv,moead,mar,2327.531468496939,
effort/china.csv,moead,mar,2509.7236723796163,
effort/china.csv,moead,mar,2654.030007786248,
effort/china.csv,moead,mar,2636.612528615168,
effort/china.csv,moead,mar,3602.0878953909623,
effort/china.csv,moead,mar,2145.45699374588,
effort/china.csv,moead,mar,2017.7300209240325,
effort/china.csv,moead,mar,2683.139097837384,
effort/china.csv,moead,mar,2639.918767941649,
effort/china.csv,moead,mar,2553.3161432351453,
effort/china.csv,moead,sa,0.483577461757542,
effort/china.csv,moead,sa,0.4878444525209001,
effort/china.csv,moead,sa,0.2968716292331108,
effort/china.csv,moead,sa,0.5002750407072657,
effort/china.csv,moead,sa,0.415004028343652,
effort/china.csv,moead,sa,0.4634043196820685,
effort/china.csv,moead,sa,0.5230570356526522,
effort/china.csv,moead,sa,0.4236186712383387,
effort/china.csv,moead,sa,0.4270231434185488,
effort/china.csv,moead,sa,0.4005559689394037,
effort/china.csv,moead,sa,0.5102926572976072,
effort/china.csv,moead,sa,0.4823184434645053,
effort/china.csv,moead,sa,0.4965600500754782,
effort/china.csv,moead,sa,0.4027400438834752,
effort/china.csv,moead,sa,0.4376017724513821,
effort/china.csv,moead,sa,0.4576579711437682,
effort/china.csv,moead,sa,0.4815247641822174,
effort/china.csv,moead,sa,0.4889063963458307,
effort/china.csv,moead,sa,0.4606268556079347,
effort/china.csv,moead,sa,0.5080806359873598,
effort/china.csv,moead,sa,0.424190278830603,
effort/china.csv,moead,sa,0.3932507066840374,
effort/china.csv,moead,sa,0.498617873114688,
effort/china.csv,moead,sa,0.5002811606832283,
effort/china.csv,moead,sa,0.4665739883518977,
effort/china.csv,moead,sa,0.4779718243577409,
effort/china.csv,moead,sa,0.4606977780026747,
effort/china.csv,moead,sa,0.3632308104963739,
effort/china.csv,moead,sa,0.525194608752562,
effort/china.csv,moead,sa,0.4845157477220865,
effort/china.csv,moead,sd,0.3680820833160578,
effort/china.csv,moead,sd,0.4279511102124163,
effort/china.csv,moead,sd,0.3491463560879743,
effort/china.csv,moead,sd,0.4182984924702113,
effort/china.csv,moead,sd,0.4071820425287187,
effort/china.csv,moead,sd,0.3737403690006192,
effort/china.csv,moead,sd,0.4287601588923326,
effort/china.csv,moead,sd,0.3900465241518103,
effort/china.csv,moead,sd,0.4458784156816544,
effort/china.csv,moead,sd,0.4110023987190551,
effort/china.csv,moead,sd,0.4057024562661897,
effort/china.csv,moead,sd,0.4478396465144083,
effort/china.csv,moead,sd,0.4090301885294041,
effort/china.csv,moead,sd,0.2933559261697403,
effort/china.csv,moead,sd,0.3977340131980375,
effort/china.csv,moead,sd,0.3865952228983998,
effort/china.csv,moead,sd,0.4709169007786736,
effort/china.csv,moead,sd,0.4146095155570963,
effort/china.csv,moead,sd,0.4670537029419646,
effort/china.csv,moead,sd,0.3852338038255396,
effort/china.csv,moead,sd,0.4615502884086753,
effort/china.csv,moead,sd,0.4278001816040262,
effort/china.csv,moead,sd,0.3914429333087711,
effort/china.csv,moead,sd,0.4137161361314439,
effort/china.csv,moead,sd,0.3971189008818674,
effort/china.csv,moead,sd,0.5271105827577147,
effort/china.csv,moead,sd,0.4066594636229547,
effort/china.csv,moead,sd,0.344139398000168,
effort/china.csv,moead,sd,0.4311618038357169,
effort/china.csv,moead,sd,0.3843563039868615,
effort/china.csv,moead,sdar,3103.302411842981,
effort/china.csv,moead,sdar,2813.3548770424163,
effort/china.csv,moead,sdar,2186.1863983862413,
effort/china.csv,moead,sdar,2038.9211246562843,
effort/china.csv,moead,sdar,2502.7743221002006,
effort/china.csv,moead,sdar,3391.7147784377307,
effort/china.csv,moead,sdar,2517.003808895969,
effort/china.csv,moead,sdar,2549.4273200468187,
effort/china.csv,moead,sdar,2865.6208189144345,
effort/china.csv,moead,sdar,3190.547679640719,
effort/china.csv,moead,sdar,2588.762374497992,
effort/china.csv,moead,sdar,2111.008862372567,
effort/china.csv,moead,sdar,3115.434144097951,
effort/china.csv,moead,sdar,2478.9971094053635,
effort/china.csv,moead,sdar,2438.167795226708,
effort/china.csv,moead,sdar,2093.16696987731,
effort/china.csv,moead,sdar,2669.4371857508777,
effort/china.csv,moead,sdar,2888.597330498464,
effort/china.csv,moead,sdar,2650.320540736708,
effort/china.csv,moead,sdar,2827.8058188959453,
effort/china.csv,moead,sdar,2327.531468496939,
effort/china.csv,moead,sdar,2509.7236723796163,
effort/china.csv,moead,sdar,2654.030007786248,
effort/china.csv,moead,sdar,2636.612528615168,
effort/china.csv,moead,sdar,3602.0878953909623,
effort/china.csv,moead,sdar,2145.45699374588,
effort/china.csv,moead,sdar,2017.7300209240325,
effort/china.csv,moead,sdar,2683.139097837384,
effort/china.csv,moead,sdar,2639.918767941649,
effort/china.csv,moead,sdar,2553.3161432351453,
effort/china.csv,nsga-ii,mar,3152.7517401179566,
effort/china.csv,nsga-ii,mar,2786.807299076061,
effort/china.csv,nsga-ii,mar,2053.7742462717542,
effort/china.csv,nsga-ii,mar,2069.350826290966,
effort/china.csv,nsga-ii,mar,2463.800477407465,
effort/china.csv,nsga-ii,mar,3431.674187562133,
effort/china.csv,nsga-ii,mar,2505.0802859130417,
effort/china.csv,nsga-ii,mar,2559.22307955562,
effort/china.csv,nsga-ii,mar,2775.2020020857635,
effort/china.csv,nsga-ii,mar,3149.163363950067,
effort/china.csv,nsga-ii,mar,2610.587655681936,
effort/china.csv,nsga-ii,mar,2162.15945126632,
effort/china.csv,nsga-ii,mar,3119.327445871131,
effort/china.csv,nsga-ii,mar,2820.34008013478,
effort/china.csv,nsga-ii,mar,2437.08532953504,
effort/china.csv,nsga-ii,mar,2108.9362654370407,
effort/china.csv,nsga-ii,mar,2701.5133700882434,
effort/china.csv,nsga-ii,mar,2866.7149167157795,
effort/china.csv,nsga-ii,mar,2661.539273106808,
effort/china.csv,nsga-ii,mar,2830.908831044452,
effort/china.csv,nsga-ii,mar,2326.333859793844,
effort/china.csv,nsga-ii,mar,2605.246043030856,
effort/china.csv,nsga-ii,mar,2689.312702237455,
effort/china.csv,nsga-ii,mar,2637.915493708148,
effort/china.csv,nsga-ii,mar,3632.793409515615,
effort/china.csv,nsga-ii,mar,2181.58208992435,
effort/china.csv,nsga-ii,mar,2033.7438176180983,
effort/china.csv,nsga-ii,mar,2844.0138770070607,
effort/china.csv,nsga-ii,mar,2679.86195289086,
effort/china.csv,nsga-ii,mar,2566.671854826726,
effort/china.csv,nsga-ii,sa,0.4753485674272014,
effort/china.csv,nsga-ii,sa,0.4926772908658074,
effort/china.csv,nsga-ii,sa,0.339458455706243,
effort/china.csv,nsga-ii,sa,0.4928169388578161,
effort/china.csv,nsga-ii,sa,0.42411373589654,
effort/china.csv,nsga-ii,sa,0.4570824300996881,
effort/china.csv,nsga-ii,sa,0.5253164046598988,
effort/china.csv,nsga-ii,sa,0.4214040197997528,
effort/china.csv,nsga-ii,sa,0.4451022588061639,
effort/china.csv,nsga-ii,sa,0.4083313051860892,
effort/china.csv,nsga-ii,sa,0.5061640433477099,
effort/china.csv,nsga-ii,sa,0.4697748123371284,
effort/china.csv,nsga-ii,sa,0.4959309102641155,
effort/china.csv,nsga-ii,sa,0.3205009452798314,
effort/china.csv,nsga-ii,sa,0.4378514586245685,
effort/china.csv,nsga-ii,sa,0.4535721280788937,
effort/china.csv,nsga-ii,sa,0.4752947216372109,
effort/china.csv,nsga-ii,sa,0.4927781584632991,
effort/china.csv,nsga-ii,sa,0.4583437042450918,
effort/china.csv,nsga-ii,sa,0.5075408422885078,
effort/china.csv,nsga-ii,sa,0.4244865561281316,
effort/china.csv,nsga-ii,sa,0.3701572755121697,
effort/china.csv,nsga-ii,sa,0.4919524954308287,
effort/china.csv,nsga-ii,sa,0.5000342088854697,
effort/china.csv,nsga-ii,sa,0.4620268700108723,
effort/china.csv,nsga-ii,sa,0.4691819403806113,
effort/china.csv,nsga-ii,sa,0.4564175838983275,
effort/china.csv,nsga-ii,sa,0.3250516110556826,
effort/china.csv,nsga-ii,sa,0.518010584839483,
effort/china.csv,nsga-ii,sa,0.4818193879228247,
effort/china.csv,nsga-ii,sd,0.3609025758917986,
effort/china.csv,nsga-ii,sd,0.443000546818638,
effort/china.csv,nsga-ii,sd,0.373201176056214,
effort/china.csv,nsga-ii,sd,0.4079209660698208,
effort/china.csv,nsga-ii,sd,0.4054684338147001,
effort/china.csv,nsga-ii,sd,0.3654138890343801,
effort/china.csv,nsga-ii,sd,0.4134091901886195,
effort/china.csv,nsga-ii,sd,0.3746255597049639,
effort/china.csv,nsga-ii,sd,0.4358681253001529,
effort/china.csv,nsga-ii,sd,0.3989137100325067,
effort/china.csv,nsga-ii,sd,0.4520432701803719,
effort/china.csv,nsga-ii,sd,0.4299346473647644,
effort/china.csv,nsga-ii,sd,0.4076332994122098,
effort/china.csv,nsga-ii,sd,0.1479856261261456,
effort/china.csv,nsga-ii,sd,0.4014174989699478,
effort/china.csv,nsga-ii,sd,0.3980928484360233,
effort/china.csv,nsga-ii,sd,0.4624415378721167,
effort/china.csv,nsga-ii,sd,0.4291207650531663,
effort/china.csv,nsga-ii,sd,0.4611211687107953,
effort/china.csv,nsga-ii,sd,0.3777047988923389,
effort/china.csv,nsga-ii,sd,0.4831121218491759,
effort/china.csv,nsga-ii,sd,0.4188592658292005,
effort/china.csv,nsga-ii,sd,0.379499278546374,
effort/china.csv,nsga-ii,sd,0.4768186215446474,
effort/china.csv,nsga-ii,sd,0.3836181638455121,
effort/china.csv,nsga-ii,sd,0.5310547638368409,
effort/china.csv,nsga-ii,sd,0.4069297034860913,
effort/china.csv,nsga-ii,sd,0.2709325632430331,
effort/china.csv,nsga-ii,sd,0.4179720173741226,
effort/china.csv,nsga-ii,sd,0.380348688770542,
effort/china.csv,nsga-ii,sdar,3152.7517401179566,
effort/china.csv,nsga-ii,sdar,2786.807299076061,
effort/china.csv,nsga-ii,sdar,2053.7742462717542,
effort/china.csv,nsga-ii,sdar,2069.350826290966,
effort/china.csv,nsga-ii,sdar,2463.800477407465,
effort/china.csv,nsga-ii,sdar,3431.674187562133,
effort/china.csv,nsga-ii,sdar,2505.0802859130417,
effort/china.csv,nsga-ii,sdar,2559.22307955562,
effort/china.csv,nsga-ii,sdar,2775.2020020857635,
effort/china.csv,nsga-ii,sdar,3149.163363950067,
effort/china.csv,nsga-ii,sdar,2610.587655681936,
effort/china.csv,nsga-ii,sdar,2162.15945126632,
effort/china.csv,nsga-ii,sdar,3119.327445871131,
effort/china.csv,nsga-ii,sdar,2820.34008013478,
effort/china.csv,nsga-ii,sdar,2437.08532953504,
effort/china.csv,nsga-ii,sdar,2108.9362654370407,
effort/china.csv,nsga-ii,sdar,2701.5133700882434,
effort/china.csv,nsga-ii,sdar,2866.7149167157795,
effort/china.csv,nsga-ii,sdar,2661.539273106808,
effort/china.csv,nsga-ii,sdar,2830.908831044452,
effort/china.csv,nsga-ii,sdar,2326.333859793844,
effort/china.csv,nsga-ii,sdar,2605.246043030856,
effort/china.csv,nsga-ii,sdar,2689.312702237455,
effort/china.csv,nsga-ii,sdar,2637.915493708148,
effort/china.csv,nsga-ii,sdar,3632.793409515615,
effort/china.csv,nsga-ii,sdar,2181.58208992435,
effort/china.csv,nsga-ii,sdar,2033.7438176180983,
effort/china.csv,nsga-ii,sdar,2844.0138770070607,
effort/china.csv,nsga-ii,sdar,2679.86195289086,
effort/china.csv,nsga-ii,sdar,2566.671854826726,
effort/china.csv,nsga-iii,mar,3167.55002910845,
effort/china.csv,nsga-iii,mar,2775.289026156484,
effort/china.csv,nsga-iii,mar,2054.127350512564,
effort/china.csv,nsga-iii,mar,2056.7703594677823,
effort/china.csv,nsga-iii,mar,2482.4124769084688,
effort/china.csv,nsga-iii,mar,3403.9038020850285,
effort/china.csv,nsga-iii,mar,2484.352378410013,
effort/china.csv,nsga-iii,mar,2556.2451889549566,
effort/china.csv,nsga-iii,mar,2846.0901024949303,
effort/china.csv,nsga-iii,mar,3157.08120487996,
effort/china.csv,nsga-iii,mar,2626.628007438648,
effort/china.csv,nsga-iii,mar,2167.675999734018,
effort/china.csv,nsga-iii,mar,3076.947783683998,
effort/china.csv,nsga-iii,mar,2825.814274280056,
effort/china.csv,nsga-iii,mar,2449.7109884390898,
effort/china.csv,nsga-iii,mar,2097.939629946363,
effort/china.csv,nsga-iii,mar,2697.080888962627,
effort/china.csv,nsga-iii,mar,2875.8964667680875,
effort/china.csv,nsga-iii,mar,2624.042546457093,
effort/china.csv,nsga-iii,mar,2908.41698499343,
effort/china.csv,nsga-iii,mar,2318.397974897182,
effort/china.csv,nsga-iii,mar,2636.6636218447065,
effort/china.csv,nsga-iii,mar,2691.6271705585336,
effort/china.csv,nsga-iii,mar,2569.153981399708,
effort/china.csv,nsga-iii,mar,3649.6262107381926,
effort/china.csv,nsga-iii,mar,2185.4832820740894,
effort/china.csv,nsga-iii,mar,2066.566265485432,
effort/china.csv,nsga-iii,mar,2858.557597915856,
effort/china.csv,nsga-iii,mar,2697.450640420767,
effort/china.csv,nsga-iii,mar,2584.199897867331,
effort/china.csv,nsga-iii,sa,0.4728859746960026,
effort/china.csv,nsga-iii,sa,0.4947741281405067,
effort/china.csv,nsga-iii,sa,0.3393448891733368,
effort/china.csv,nsga-iii,sa,0.4959003211402761,
effort/china.csv,nsga-iii,sa,0.4197633857125808,
effort/china.csv,nsga-iii,sa,0.4614759212571733,
effort/china.csv,nsga-iii,sa,0.5292441021922868,
effort/china.csv,nsga-iii,sa,0.4220772692498628,
effort/china.csv,nsga-iii,sa,0.4309282827262225,
effort/china.csv,nsga-iii,sa,0.4068436914718048,
effort/china.csv,nsga-iii,sa,0.5031297447530718,
effort/china.csv,nsga-iii,sa,0.4684219921532036,
effort/china.csv,nsga-iii,sa,0.5027792704034969,
effort/china.csv,nsga-iii,sa,0.3191820583224501,
effort/china.csv,nsga-iii,sa,0.4349391700596993,
effort/china.csv,nsga-iii,sa,0.4564213692949234,
effort/china.csv,nsga-iii,sa,0.4761556265909326,
effort/china.csv,nsga-iii,sa,0.4911536220650204,
effort/china.csv,nsga-iii,sa,0.4659747537904588,
effort/china.csv,nsga-iii,sa,0.4940576810538862,
effort/china.csv,nsga-iii,sa,0.4264498205271003,
effort/china.csv,nsga-iii,sa,0.3625617804571592,
effort/china.csv,nsga-iii,sa,0.4915152610943569,
effort/china.csv,nsga-iii,sa,0.513066621781758,
effort/china.csv,nsga-iii,sa,0.459534134052787,
effort/china.csv,nsga-iii,sa,0.4682327103439827,
effort/china.csv,nsga-iii,sa,0.4476447456678998,
effort/china.csv,nsga-iii,sa,0.3216000593329543,
effort/china.csv,nsga-iii,sa,0.514847152780292,
effort/china.csv,nsga-iii,sa,0.4782806838792144,
effort/china.csv,nsga-iii,sd,0.3598886781421958,
effort/china.csv,nsga-iii,sd,0.4399940183267963,
effort/china.csv,nsga-iii,sd,0.3732837466131956,
effort/china.csv,nsga-iii,sd,0.4096652874780043,
effort/china.csv,nsga-iii,sd,0.4076819801755691,
effort/china.csv,nsga-iii,sd,0.3649898463192039,
effort/china.csv,nsga-iii,sd,0.4152313794730268,
effort/china.csv,nsga-iii,sd,0.3681648201038819,
effort/china.csv,nsga-iii,sd,0.4524956856748147,
effort/china.csv,nsga-iii,sd,0.4083243095914902,
effort/china.csv,nsga-iii,sd,0.4492795657653741,
effort/china.csv,nsga-iii,sd,0.4309426262635136,
effort/china.csv,nsga-iii,sd,0.4144138460269348,
effort/china.csv,nsga-iii,sd,0.187617843378155,
effort/china.csv,nsga-iii,sd,0.4001702664048623,
effort/china.csv,nsga-iii,sd,0.4085246847100434,
effort/china.csv,nsga-iii,sd,0.4679791159955085,
effort/china.csv,nsga-iii,sd,0.4232041063454125,
effort/china.csv,nsga-iii,sd,0.4376868156570385,
effort/china.csv,nsga-iii,sd,0.3643533426463035,
effort/china.csv,nsga-iii,sd,0.4761451166652751,
effort/china.csv,nsga-iii,sd,0.4145059019871298,
effort/china.csv,nsga-iii,sd,0.3758524373805884,
effort/china.csv,nsga-iii,sd,0.4600348176038787,
effort/china.csv,nsga-iii,sd,0.384446263922485,
effort/china.csv,nsga-iii,sd,0.519088412693721,
effort/china.csv,nsga-iii,sd,0.406235254521893,
effort/china.csv,nsga-iii,sd,0.30127755493529,
effort/china.csv,nsga-iii,sd,0.4149207768958987,
effort/china.csv,nsga-iii,sd,0.3778037694546331,
effort/china.csv,nsga-iii,sdar,3167.55002910845,
effort/china.csv,nsga-iii,sdar,2775.289026156484,
effort/china.csv,nsga-iii,sdar,2054.127350512564,
effort/china.csv,nsga-iii,sdar,2056.7703594677823,
effort/china.csv,nsga-iii,sdar,2482.4124769084688,
effort/china.csv,nsga-iii,sdar,3403.9038020850285,
effort/china.csv,nsga-iii,sdar,2484.352378410013,
effort/china.csv,nsga-iii,sdar,2556.2451889549566,
effort/china.csv,nsga-iii,sdar,2846.0901024949303,
effort/china.csv,nsga-iii,sdar,3157.08120487996,
effort/china.csv,nsga-iii,sdar,2626.628007438648,
effort/china.csv,nsga-iii,sdar,2167.675999734018,
effort/china.csv,nsga-iii,sdar,3076.947783683998,
effort/china.csv,nsga-iii,sdar,2825.814274280056,
effort/china.csv,nsga-iii,sdar,2449.7109884390898,
effort/china.csv,nsga-iii,sdar,2097.939629946363,
effort/china.csv,nsga-iii,sdar,2697.080888962627,
effort/china.csv,nsga-iii,sdar,2875.8964667680875,
effort/china.csv,nsga-iii,sdar,2624.042546457093,
effort/china.csv,nsga-iii,sdar,2908.41698499343,
effort/china.csv,nsga-iii,sdar,2318.397974897182,
effort/china.csv,nsga-iii,sdar,2636.6636218447065,
effort/china.csv,nsga-iii,sdar,2691.6271705585336,
effort/china.csv,nsga-iii,sdar,2569.153981399708,
effort/china.csv,nsga-iii,sdar,3649.6262107381926,
effort/china.csv,nsga-iii,sdar,2185.4832820740894,
effort/china.csv,nsga-iii,sdar,2066.566265485432,
effort/china.csv,nsga-iii,sdar,2858.557597915856,
effort/china.csv,nsga-iii,sdar,2697.450640420767,
effort/china.csv,nsga-iii,sdar,2584.199897867331,
effort/china.csv,random,mar,3089.896371467655,
effort/china.csv,random,mar,2824.4359369383046,
effort/china.csv,random,mar,2080.296394569577,
effort/china.csv,random,mar,2096.2489015118804,
effort/china.csv,random,mar,2561.5123144511745,
effort/china.csv,random,mar,3397.3538642030508,
effort/china.csv,random,mar,2504.9178595004123,
effort/china.csv,random,mar,2544.497813101144,
effort/china.csv,random,mar,2838.237073781563,
effort/china.csv,random,mar,3135.5723723559227,
effort/china.csv,random,mar,2641.53669222344,
effort/china.csv,random,mar,2142.477320600204,
effort/china.csv,random,mar,3114.889329192502,
effort/china.csv,random,mar,2712.056751685429,
effort/china.csv,random,mar,2463.428068896738,
effort/china.csv,random,mar,2092.348593602269,
effort/china.csv,random,mar,2738.3375776839216,
effort/china.csv,random,mar,2911.5860275787823,
effort/china.csv,random,mar,2502.5383663092653,
effort/china.csv,random,mar,2869.6973887781887,
effort/china.csv,random,mar,2332.882096242111,
effort/china.csv,random,mar,2574.398809244257,
effort/china.csv,random,mar,2712.067576596889,
effort/china.csv,random,mar,2626.855430924704,
effort/china.csv,random,mar,3624.58924565312,
effort/china.csv,random,mar,2170.9241323924,
effort/china.csv,random,mar,2020.2095767358576,
effort/china.csv,random,mar,2817.7656313994216,
effort/china.csv,random,mar,2632.144627058872,
effort/china.csv,random,mar,2531.4963673932884,
effort/china.csv,random,sa,0.4858083695066503,
effort/china.csv,random,sa,0.485827207436059,
effort/china.csv,random,sa,0.3309283162196688,
effort/china.csv,random,sa,0.4862244133391595,
effort/china.csv,random,sa,0.4012746686466631,
effort/china.csv,random,sa,0.4625121724172542,
effort/china.csv,random,sa,0.5253471825770611,
effort/china.csv,random,sa,0.4247331473173962,
effort/china.csv,random,sa,0.4324984847840558,
effort/china.csv,random,sa,0.4108847974405041,
effort/china.csv,random,sa,0.5003095197370298,
effort/china.csv,random,sa,0.4746014505482624,
effort/china.csv,random,sa,0.4966480896796011,
effort/china.csv,random,sa,0.3465894371753802,
effort/china.csv,random,sa,0.4317751295241685,
effort/china.csv,random,sa,0.4578700134011518,
effort/china.csv,random,sa,0.4681424875187663,
effort/china.csv,random,sa,0.4848388941328911,
effort/china.csv,random,sa,0.4907023634119339,
effort/china.csv,random,sa,0.500793263468263,
effort/china.csv,random,sa,0.4228665830989966,
effort/china.csv,random,sa,0.377614884294664,
effort/china.csv,random,sa,0.4876537922248099,
effort/china.csv,random,sa,0.5021304295765762,
effort/china.csv,random,sa,0.4632418082731167,
effort/china.csv,random,sa,0.4717752126497341,
effort/china.csv,random,sa,0.4600350382183545,
effort/china.csv,random,sa,0.331280909452825,
effort/china.csv,random,sa,0.526592835110238,
effort/china.csv,random,sa,0.4889209017272071,
effort/china.csv,random,sd,0.3622325594361182,
effort/china.csv,random,sd,0.4273022109410177,
effort/china.csv,random,sd,0.3740386084966085,
effort/china.csv,random,sd,0.4108773477751898,
effort/china.csv,random,sd,0.3899291635558879,
effort/china.csv,random,sd,0.3719963600739523,
effort/china.csv,random,sd,0.4136273346714937,
effort/china.csv,random,sd,0.372234041627404,
effort/china.csv,random,sd,0.4322328605746026,
effort/china.csv,random,sd,0.4013470786570032,
effort/china.csv,random,sd,0.4003679682717111,
effort/china.csv,random,sd,0.4457255048937706,
effort/china.csv,random,sd,0.4086752834927917,
effort/china.csv,random,sd,0.2304083639096154,
effort/china.csv,random,sd,0.4006909229288805,
effort/china.csv,random,sd,0.4029277991887117,
effort/china.csv,random,sd,0.4442645679788206,
effort/china.csv,random,sd,0.4250485970814376,
effort/china.csv,random,sd,0.4523133846123778,
effort/china.csv,random,sd,0.3656283149584236,
effort/china.csv,random,sd,0.4747537890487217,
effort/china.csv,random,sd,0.4275465249326921,
effort/china.csv,random,sd,0.3697233473985874,
effort/china.csv,random,sd,0.4479758637279052,
effort/china.csv,random,sd,0.3940755962176264,
effort/china.csv,random,sd,0.518467183953485,
effort/china.csv,random,sd,0.411561155591637,
effort/china.csv,random,sd,0.3157861247778434,
effort/china.csv,random,sd,0.4326750057417688,
effort/china.csv,random,sd,0.3767255354000298,
effort/china.csv,random,sdar,3089.896371467655,
effort/china.csv,random,sdar,2824.4359369383046,
effort/china.csv,random,sdar,2080.296394569577,
effort/china.csv,random,sdar,2096.2489015118804,
effort/china.csv,random,sdar,2561.5123144511745,
effort/china.csv,random,sdar,3397.3538642030508,
effort/china.csv,random,sdar,2504.9178595004123,
effort/china.csv,random,sdar,2544.497813101144,
effort/china.csv,random,sdar,2838.237073781563,
effort/china.csv,random,sdar,3135.5723723559227,
effort/china.csv,random,sdar,2641.53669222344,
effort/china.csv,random,sdar,2142.477320600204,
effort/china.csv,random,sdar,3114.889329192502,
effort/china.csv,random,sdar,2712.056751685429,
effort/china.csv,random,sdar,2463.428068896738,
effort/china.csv,random,sdar,2092.348593602269,
effort/china.csv,random,sdar,2738.3375776839216,
effort/china.csv,random,sdar,2911.5860275787823,
effort/china.csv,random,sdar,2502.5383663092653,
effort/china.csv,random,sdar,2869.6973887781887,
effort/china.csv,random,sdar,2332.882096242111,
effort/china.csv,random,sdar,2574.398809244257,
effort/china.csv,random,sdar,2712.067576596889,
effort/china.csv,random,sdar,2626.855430924704,
effort/china.csv,random,sdar,3624.58924565312,
effort/china.csv,random,sdar,2170.9241323924,
effort/china.csv,random,sdar,2020.2095767358576,
effort/china.csv,random,sdar,2817.7656313994216,
effort/china.csv,random,sdar,2632.144627058872,
effort/china.csv,random,sdar,2531.4963673932884,
effort/china.csv,tpe,mar,3149.261396581837,
effort/china.csv,tpe,mar,2795.423888962443,
effort/china.csv,tpe,mar,2014.3811495983937,
effort/china.csv,tpe,mar,2113.665194610778,
effort/china.csv,tpe,mar,2473.7456238264745,
effort/china.csv,tpe,mar,3405.4202434738954,
effort/china.csv,tpe,mar,2506.405040730228,
effort/china.csv,tpe,mar,2558.2325478252296,
effort/china.csv,tpe,mar,2764.165982860012,
effort/china.csv,tpe,mar,3157.6422230538924,
effort/china.csv,tpe,mar,2585.165631095812,
effort/china.csv,tpe,mar,2146.3776576830737,
effort/china.csv,tpe,mar,3133.5090296977005,
effort/china.csv,tpe,mar,2615.646781752862,
effort/china.csv,tpe,mar,2443.686985162874,
effort/china.csv,tpe,mar,2092.8029968308992,
effort/china.csv,tpe,mar,2717.902660529442,
effort/china.csv,tpe,mar,2897.777479304976,
effort/china.csv,tpe,mar,2670.677120160833,
effort/china.csv,tpe,mar,2858.509608368729,
effort/china.csv,tpe,mar,2326.184035840331,
effort/china.csv,tpe,mar,2544.956337148299,
effort/china.csv,tpe,mar,2691.44834767642,
effort/china.csv,tpe,mar,2661.2387707078315,
effort/china.csv,tpe,mar,3627.564118429807,
effort/china.csv,tpe,mar,2228.855419186143,
effort/china.csv,tpe,mar,2049.779516398929,
effort/china.csv,tpe,mar,2852.638907488054,
effort/china.csv,tpe,mar,2669.705084792633,
effort/china.csv,tpe,mar,2492.784712714494,
effort/china.csv,tpe,sa,0.4759293977263634,
effort/china.csv,tpe,sa,0.4911086887862496,
effort/china.csv,tpe,sa,0.3521281914176392,
effort/china.csv,tpe,sa,0.4819558046840089,
effort/china.csv,tpe,sa,0.4217891673002908,
effort/china.csv,tpe,sa,0.4612360084249108,
effort/china.csv,tpe,sa,0.5250653790208795,
effort/china.csv,tpe,sa,0.4216279618554659,
effort/china.csv,tpe,sa,0.4473088953448875,
effort/china.csv,tpe,sa,0.4067382866857155,
effort/china.csv,tpe,sa,0.5109730409709854,
effort/china.csv,tpe,sa,0.4736449730042487,
effort/china.csv,tpe,sa,0.4936392309920552,
effort/china.csv,tpe,sa,0.3698173038770612,
effort/china.csv,tpe,sa,0.4363286924592337,
effort/china.csv,tpe,sa,0.4577522769890639,
effort/china.csv,tpe,sa,0.4721114883804985,
effort/china.csv,tpe,sa,0.4872821078768001,
effort/china.csv,tpe,sa,0.4564840388866014,
effort/china.csv,tpe,sa,0.5027394670537281,
effort/china.csv,tpe,sa,0.4245236211861402,
effort/china.csv,tpe,sa,0.3847328787313818,
effort/china.csv,tpe,sa,0.4915490431528516,
effort/china.csv,tpe,sa,0.4956137334516117,
effort/china.csv,tpe,sa,0.4628012652973444,
effort/china.csv,tpe,sa,0.4576794912972657,
effort/china.csv,tpe,sa,0.4521315357679532,
effort/china.csv,tpe,sa,0.3230046975455881,
effort/china.csv,tpe,sa,0.5198373591288249,
effort/china.csv,tpe,sa,0.4967363257668071,
effort/china.csv,tpe,sd,0.3571416134958535,
effort/china.csv,tpe,sd,0.4363896125350772,
effort/china.csv,tpe,sd,0.3548136121479806,
effort/china.csv,tpe,sd,0.4089667369515492,
effort/china.csv,tpe,sd,0.4003177121679422,
effort/china.csv,tpe,sd,0.3713907220900678,
effort/china.csv,tpe,sd,0.4093042826216811,
effort/china.csv,tpe,sd,0.3675414261342349,
effort/china.csv,tpe,sd,0.4314329615188584,
effort/china.csv,tpe,sd,0.4041945547693398,
effort/china.csv,tpe,sd,0.456943210497638,
effort/china.csv,tpe,sd,0.4379799549062719,
effort/china.csv,tpe,sd,0.406699514658678,
effort/china.csv,tpe,sd,0.2498118969297434,
effort/china.csv,tpe,sd,0.3950686987070602,
effort/china.csv,tpe,sd,0.4091116806924403,
effort/china.csv,tpe,sd,0.4730164529347322,
effort/china.csv,tpe,sd,0.4253779112502162,
effort/china.csv,tpe,sd,0.4656711969574187,
effort/china.csv,tpe,sd,0.3854993409540586,
effort/china.csv,tpe,sd,0.473928046736437,
effort/china.csv,tpe,sd,0.423937943189562,
effort/china.csv,tpe,sd,0.3749128422230104,
effort/china.csv,tpe,sd,0.4518323663939163,
effort/china.csv,tpe,sd,0.3912649903175902,
effort/china.csv,tpe,sd,0.5197005514365118,
effort/china.csv,tpe,sd,0.4155669390335679,
effort/china.csv,tpe,sd,0.2932067496371583,
effort/china.csv,tpe,sd,0.4272991675225737,
effort/china.csv,tpe,sd,0.3960077857547261,
effort/china.csv,tpe,sdar,3149.261396581837,
effort/china.csv,tpe,sdar,2795.423888962443,
effort/china.csv,tpe,sdar,2014.3811495983937,
effort/china.csv,tpe,sdar,2113.665194610778,
effort/china.csv,tpe,sdar,2473.7456238264745,
effort/china.csv,tpe,sdar,3405.4202434738954,
effort/china.csv,tpe,sdar,2506.405040730228,
effort/china.csv,tpe,sdar,2558.2325478252296,
effort/china.csv,tpe,sdar,2764.165982860012,
effort/china.csv,tpe,sdar,3157.6422230538924,
effort/china.csv,tpe,sdar,2585.165631095812,
effort/china.csv,tpe,sdar,2146.3776576830737,
effort/china.csv,tpe,sdar,3133.5090296977005,
effort/china.csv,tpe,sdar,2615.646781752862,
effort/china.csv,tpe,sdar,2443.686985162874,
effort/china.csv,tpe,sdar,2092.8029968308992,
effort/china.csv,tpe,sdar,2717.902660529442,
effort/china.csv,tpe,sdar,2897.777479304976,
effort/china.csv,tpe,sdar,2670.677120160833,
effort/china.csv,tpe,sdar,2858.509608368729,
effort/china.csv,tpe,sdar,2326.184035840331,
effort/china.csv,tpe,sdar,2544.956337148299,
effort/china.csv,tpe,sdar,2691.44834767642,
effort/china.csv,tpe,sdar,2661.2387707078315,
effort/china.csv,tpe,sdar,3627.564118429807,
effort/china.csv,tpe,sdar,2228.855419186143,
effort/china.csv,tpe,sdar,2049.779516398929,
effort/china.csv,tpe,sdar,2852.638907488054,
effort/china.csv,tpe,sdar,2669.705084792633,
effort/china.csv,tpe,sdar,2492.784712714494,
effort/isbsg10.csv,default,mar,2443.686153846153,
effort/isbsg10.csv,default,mar,2964.6075,
effort/isbsg10.csv,default,mar,1375.5458333333331,
effort/isbsg10.csv,default,mar,1857.2738461538463,
effort/isbsg10.csv,default,mar,2435.6024999999995,
effort/isbsg10.csv,default,mar,2138.058333333334,
effort/isbsg10.csv,default,mar,2482.3553846153845,
effort/isbsg10.csv,default,mar,1374.3991666666664,
effort/isbsg10.csv,default,mar,2432.106666666667,
effort/isbsg10.csv,default,mar,2341.7192307692303,
effort/isbsg10.csv,default,mar,2193.7375,
effort/isbsg10.csv,default,mar,1293.3341666666663,
effort/isbsg10.csv,default,mar,1534.6015384615384,
effort/isbsg10.csv,default,mar,2157.731666666666,
effort/isbsg10.csv,default,mar,3370.6341666666663,
effort/isbsg10.csv,default,mar,2560.6769230769232,
effort/isbsg10.csv,default,mar,1546.17375,
effort/isbsg10.csv,default,mar,2009.299166666667,
effort/isbsg10.csv,default,mar,2510.436153846154,
effort/isbsg10.csv,default,mar,2007.315833333334,
effort/isbsg10.csv,default,mar,1828.1775,
effort/isbsg10.csv,default,mar,1977.693076923077,
effort/isbsg10.csv,default,mar,2142.9575,
effort/isbsg10.csv,default,mar,2285.5624999999995,
effort/isbsg10.csv,default,mar,2994.137692307692,
effort/isbsg10.csv,default,mar,1686.4033333333336,
effort/isbsg10.csv,default,mar,1556.3425,
effort/isbsg10.csv,default,mar,1869.909230769231,
effort/isbsg10.csv,default,mar,1827.1616666666664,
effort/isbsg10.csv,default,mar,2022.8591666666669,
effort/isbsg10.csv,default,sa,0.3702838566444656,
effort/isbsg10.csv,default,sa,0.2594266978922717,
effort/isbsg10.csv,default,sa,-0.0559799123564597,
effort/isbsg10.csv,default,sa,-0.6601045104510452,
effort/isbsg10.csv,default,sa,0.4447134484036137,
effort/isbsg10.csv,default,sa,0.451303126648512,
effort/isbsg10.csv,default,sa,0.0731913981725315,
effort/isbsg10.csv,default,sa,0.3102762192189472,
effort/isbsg10.csv,default,sa,0.4786899945520634,
effort/isbsg10.csv,default,sa,0.4017701984472501,
effort/isbsg10.csv,default,sa,0.2530014897491074,
effort/isbsg10.csv,default,sa,0.5191371119327454,
effort/isbsg10.csv,default,sa,0.0980592187630414,
effort/isbsg10.csv,default,sa,0.2242483496949059,
effort/isbsg10.csv,default,sa,0.1847239756376963,
effort/isbsg10.csv,default,sa,0.3978918428565863,
effort/isbsg10.csv,default,sa,-0.0419545684281463,
effort/isbsg10.csv,default,sa,0.3612429024310553,
effort/isbsg10.csv,default,sa,0.348048881308009,
effort/isbsg10.csv,default,sa,0.2945854687088174,
effort/isbsg10.csv,default,sa,0.3161501854718882,
effort/isbsg10.csv,default,sa,0.4747881270703299,
effort/isbsg10.csv,default,sa,-0.1487223508565558,
effort/isbsg10.csv,default,sa,0.4212219158424897,
effort/isbsg10.csv,default,sa,0.3896325438105531,
effort/isbsg10.csv,default,sa,0.3804859332428542,
effort/isbsg10.csv,default,sa,-0.4569463802787601,
effort/isbsg10.csv,default,sa,0.3812224206395825,
effort/isbsg10.csv,default,sa,0.4379357253330371,
effort/isbsg10.csv,default,sa,0.423097891959978,
effort/isbsg10.csv,default,sd,0.3698506175318669,
effort/isbsg10.csv,default,sd,0.4107274460828491,
effort/isbsg10.csv,default,sd,-0.2327998229612062,
effort/isbsg10.csv,default,sd,-0.9608427517069404,
effort/isbsg10.csv,default,sd,0.344172330578964,
effort/isbsg10.csv,default,sd,0.3140505011637639,
effort/isbsg10.csv,default,sd,0.5081604464683687,
effort/isbsg10.csv,default,sd,0.6755811399976025,
effort/isbsg10.csv,default,sd,0.1482527937850614,
effort/isbsg10.csv,default,sd,0.3441609978687495,
effort/isbsg10.csv,default,sd,0.5508275960119395,
effort/isbsg10.csv,default,sd,0.4768874018713872,
effort/isbsg10.csv,default,sd,0.2414464874792123,
effort/isbsg10.csv,default,sd,0.3862528824775418,
effort/isbsg10.csv,default,sd,-0.0170544482132617,
effort/isbsg10.csv,default,sd,0.3833307536948211,
effort/isbsg10.csv,default,sd,0.3035030688142215,
effort/isbsg10.csv,default,sd,0.3980241461180229,
effort/isbsg10.csv,default,sd,0.281626904747829,
effort/isbsg10.csv,default,sd,0.3947709949103377,
effort/isbsg10.csv,default,sd,0.5710917836530722,
effort/isbsg10.csv,default,sd,0.2940309261521854,
effort/isbsg10.csv,default,sd,0.5343326913836162,
effort/isbsg10.csv,default,sd,0.4526155931409947,
effort/isbsg10.csv,default,sd,0.2819278102058222,
effort/isbsg10.csv,default,sd,0.5041093206501113,
effort/isbsg10.csv,default,sd,-0.1030308115538043,
effort/isbsg10.csv,default,sd,0.4087915427454367,
effort/isbsg10.csv,default,sd,0.4245171161292596,
effort/isbsg10.csv,default,sd,0.4289029096902894,
effort/isbsg10.csv,default,sdar,2443.686153846153,
effort/isbsg10.csv,default,sdar,2964.6075,
effort/isbsg10.csv,default,sdar,1375.5458333333331,
effort/isbsg10.csv,default,sdar,1857.2738461538463,
effort/isbsg10.csv,default,sdar,2435.6024999999995,
effort/isbsg10.csv,default,sdar,2138.058333333334,
effort/isbsg10.csv,default,sdar,2482.3553846153845,
effort/isbsg10.csv,default,sdar,1374.3991666666664,
effort/isbsg10.csv,default,sdar,2432.106666666667,
effort/isbsg10.csv,default,sdar,2341.7192307692303,
effort/isbsg10.csv,default,sdar,2193.7375,
effort/isbsg10.csv,default,sdar,1293.3341666666663,
effort/isbsg10.csv,default,sdar,1534.6015384615384,
effort/isbsg10.csv,default,sdar,2157.731666666666,
effort/isbsg10.csv,default,sdar,3370.6341666666663,
effort/isbsg10.csv,default,sdar,2560.6769230769232,
effort/isbsg10.csv,default,sdar,1546.17375,
effort/isbsg10.csv,default,sdar,2009.299166666667,
effort/isbsg10.csv,default,sdar,2510.436153846154,
effort/isbsg10.csv,default,sdar,2007.315833333334,
effort/isbsg10.csv,default,sdar,1828.1775,
effort/isbsg10.csv,default,sdar,1977.693076923077,
effort/isbsg10.csv,default,sdar,2142.9575,
effort/isbsg10.csv,default,sdar,2285.5624999999995,
effort/isbsg10.csv,default,sdar,2994.137692307692,
effort/isbsg10.csv,default,sdar,1686.4033333333336,
effort/isbsg10.csv,default,sdar,1556.3425,
effort/isbsg10.csv,default,sdar,1869.909230769231,
effort/isbsg10.csv,default,sdar,1827.1616666666664,
effort/isbsg10.csv,default,sdar,2022.8591666666669,
effort/isbsg10.csv,moead,mar,2833.0010610079576,
effort/isbsg10.csv,moead,mar,2730.8849206349205,
effort/isbsg10.csv,moead,mar,1135.988791423002,
effort/isbsg10.csv,moead,mar,886.1355202216617,
effort/isbsg10.csv,moead,mar,3000.9166666666665,
effort/isbsg10.csv,moead,mar,2894.333333333334,
effort/isbsg10.csv,moead,mar,1759.862669683258,
effort/isbsg10.csv,moead,mar,1662.962664473684,
effort/isbsg10.csv,moead,mar,3508.028042328042,
effort/isbsg10.csv,moead,mar,2479.588157419368,
effort/isbsg10.csv,moead,mar,2006.7825985863096,
effort/isbsg10.csv,moead,mar,1947.6560283687943,
effort/isbsg10.csv,moead,mar,1336.4455128205125,
effort/isbsg10.csv,moead,mar,1998.9826388888887,
effort/isbsg10.csv,moead,mar,3562.770833333333,
effort/isbsg10.csv,moead,mar,2798.5498520710057,
effort/isbsg10.csv,moead,mar,1461.2497133027523,
effort/isbsg10.csv,moead,mar,2801.6251060220525,
effort/isbsg10.csv,moead,mar,2998.5825115055886,
effort/isbsg10.csv,moead,mar,2312.4605646630234,
effort/isbsg10.csv,moead,mar,1835.785171957672,
effort/isbsg10.csv,moead,mar,2496.9361042183623,
effort/isbsg10.csv,moead,mar,1455.310369028737,
effort/isbsg10.csv,moead,mar,2836.6366492433904,
effort/isbsg10.csv,moead,mar,3588.630837912088,
effort/isbsg10.csv,moead,mar,2012.2239055389048,
effort/isbsg10.csv,moead,mar,1156.4142156862745,
effort/isbsg10.csv,moead,mar,2036.9858974358967,
effort/isbsg10.csv,moead,mar,2350.596204188482,
effort/isbsg10.csv,moead,mar,2379.0,
effort/isbsg10.csv,moead,sa,0.2699608747006136,
effort/isbsg10.csv,moead,sa,0.3178117294276545,
effort/isbsg10.csv,moead,sa,0.1279233920560392,
effort/isbsg10.csv,moead,sa,0.2079371725191417,
effort/isbsg10.csv,moead,sa,0.3158289714920822,
effort/isbsg10.csv,moead,sa,0.2572178103480231,
effort/isbsg10.csv,moead,sa,0.342940229104137,
effort/isbsg10.csv,moead,sa,0.1654644996472836,
effort/isbsg10.csv,moead,sa,0.2480715821711991,
effort/isbsg10.csv,moead,sa,0.366549366015042,
effort/isbsg10.csv,moead,sa,0.3166622663188332,
effort/isbsg10.csv,moead,sa,0.2758596139334827,
effort/isbsg10.csv,moead,sa,0.2145226759498835,
effort/isbsg10.csv,moead,sa,0.2813220916181478,
effort/isbsg10.csv,moead,sa,0.1382506979134821,
effort/isbsg10.csv,moead,sa,0.3419592768931953,
effort/isbsg10.csv,moead,sa,0.0152750850995097,
effort/isbsg10.csv,moead,sa,0.1093621343765717,
effort/isbsg10.csv,moead,sa,0.2212790515021753,
effort/isbsg10.csv,moead,sa,0.1873509597927698,
effort/isbsg10.csv,moead,sa,0.3133044524633347,
effort/isbsg10.csv,moead,sa,0.3368938268608562,
effort/isbsg10.csv,moead,sa,0.2198876793699305,
effort/isbsg10.csv,moead,sa,0.2816721812245039,
effort/isbsg10.csv,moead,sa,0.2684426366339902,
effort/isbsg10.csv,moead,sa,0.2607930793860976,
effort/isbsg10.csv,moead,sa,-0.0825595944639557,
effort/isbsg10.csv,moead,sa,0.3259345522947229,
effort/isbsg10.csv,moead,sa,0.2769188547216045,
effort/isbsg10.csv,moead,sa,0.3215295767283789,
effort/isbsg10.csv,moead,sd,0.1186061636002727,
effort/isbsg10.csv,moead,sd,0.0800557723224554,
effort/isbsg10.csv,moead,sd,0.4659521023097732,
effort/isbsg10.csv,moead,sd,0.2662303968235144,
effort/isbsg10.csv,moead,sd,0.1198478973278015,
effort/isbsg10.csv,moead,sd,0.0766726281151106,
effort/isbsg10.csv,moead,sd,0.1999038089601571,
effort/isbsg10.csv,moead,sd,0.411375107273476,
effort/isbsg10.csv,moead,sd,0.011515603834444,
effort/isbsg10.csv,moead,sd,0.1830571202458136,
effort/isbsg10.csv,moead,sd,0.2646960944750223,
effort/isbsg10.csv,moead,sd,0.2701302671937844,
effort/isbsg10.csv,moead,sd,0.362746698295436,
effort/isbsg10.csv,moead,sd,0.3206778119388768,
effort/isbsg10.csv,moead,sd,-0.0793999434834939,
effort/isbsg10.csv,moead,sd,0.1777492570335346,
effort/isbsg10.csv,moead,sd,0.4874039628953014,
effort/isbsg10.csv,moead,sd,-0.0569795489858394,
effort/isbsg10.csv,moead,sd,0.0424326035098319,
effort/isbsg10.csv,moead,sd,0.3606010566223962,
effort/isbsg10.csv,moead,sd,0.2276693665091782,
effort/isbsg10.csv,moead,sd,0.1516255553700716,
effort/isbsg10.csv,moead,sd,0.3577792584951441,
effort/isbsg10.csv,moead,sd,0.089136726856147,
effort/isbsg10.csv,moead,sd,0.0170950553599361,
effort/isbsg10.csv,moead,sd,0.1700620686644037,
effort/isbsg10.csv,moead,sd,0.1176388299470186,
effort/isbsg10.csv,moead,sd,0.2769100881787204,
effort/isbsg10.csv,moead,sd,0.0698649855641003,
effort/isbsg10.csv,moead,sd,0.1547359687340006,
effort/isbsg10.csv,moead,sdar,2833.0010610079576,
effort/isbsg10.csv,moead,sdar,2730.8849206349205,
effort/isbsg10.csv,moead,sdar,1135.988791423002,
effort/isbsg10.csv,moead,sdar,886.1355202216617,
effort/isbsg10.csv,moead,sdar,3000.9166666666665,
effort/isbsg10.csv,moead,sdar,2894.333333333334,
effort/isbsg10.csv,moead,sdar,1759.862669683258,
effort/isbsg10.csv,moead,sdar,1662.962664473684,
effort/isbsg10.csv,moead,sdar,3508.028042328042,
effort/isbsg10.csv,moead,sdar,2479.588157419368,
effort/isbsg10.csv,moead,sdar,2006.7825985863096,
effort/isbsg10.csv,moead,sdar,1947.6560283687943,
effort/isbsg10.csv,moead,sdar,1336.4455128205125,
effort/isbsg10.csv,moead,sdar,1998.9826388888887,
effort/isbsg10.csv,moead,sdar,3562.770833333333,
effort/isbsg10.csv,moead,sdar,2798.5498520710057,
effort/isbsg10.csv,moead,sdar,1461.2497133027523,
effort/isbsg10.csv,moead,sdar,2801.6251060220525,
effort/isbsg10.csv,moead,sdar,2998.5825115055886,
effort/isbsg10.csv,moead,sdar,2312.4605646630234,
effort/isbsg10.csv,moead,sdar,1835.785171957672,
effort/isbsg10.csv,moead,sdar,2496.9361042183623,
effort/isbsg10.csv,moead,sdar,1455.310369028737,
effort/isbsg10.csv,moead,sdar,2836.6366492433904,
effort/isbsg10.csv,moead,sdar,3588.630837912088,
effort/isbsg10.csv,moead,sdar,2012.2239055389048,
effort/isbsg10.csv,moead,sdar,1156.4142156862745,
effort/isbsg10.csv,moead,sdar,2036.9858974358967,
effort/isbsg10.csv,moead,sdar,2350.596204188482,
effort/isbsg10.csv,moead,sdar,2379.0,
effort/isbsg10.csv,nsga-ii,mar,2831.2492003506345,
effort/isbsg10.csv,nsga-ii,mar,2722.1633208161124,
effort/isbsg10.csv,nsga-ii,mar,1728.8571364977615,
effort/isbsg10.csv,nsga-ii,mar,946.6897027137712,
effort/isbsg10.csv,nsga-ii,mar,2946.991299496917,
effort/isbsg10.csv,nsga-ii,mar,2718.5886574074075,
effort/isbsg10.csv,nsga-ii,mar,1693.8202401886613,
effort/isbsg10.csv,nsga-ii,mar,1416.0325676968532,
effort/isbsg10.csv,nsga-ii,mar,3493.738407494146,
effort/isbsg10.csv,nsga-ii,mar,2468.393938515504,
effort/isbsg10.csv,nsga-ii,mar,2589.4872126436785,
effort/isbsg10.csv,nsga-ii,mar,1944.3071694053208,
effort/isbsg10.csv,nsga-ii,mar,1313.7118696504165,
effort/isbsg10.csv,nsga-ii,mar,1947.6328125,
effort/isbsg10.csv,nsga-ii,mar,3422.5024581279763,
effort/isbsg10.csv,nsga-ii,mar,2793.5066508981217,
effort/isbsg10.csv,nsga-ii,mar,1645.2192920833068,
effort/isbsg10.csv,nsga-ii,mar,2780.834188034188,
effort/isbsg10.csv,nsga-ii,mar,2999.6826923076924,
effort/isbsg10.csv,nsga-ii,mar,2233.785408820825,
effort/isbsg10.csv,nsga-ii,mar,1771.610898049677,
effort/isbsg10.csv,nsga-ii,mar,2499.549125874126,
effort/isbsg10.csv,nsga-ii,mar,2154.7826655681106,
effort/isbsg10.csv,nsga-ii,mar,2830.979667167167,
effort/isbsg10.csv,nsga-ii,mar,3576.098565420864,
effort/isbsg10.csv,nsga-ii,mar,1864.21930107416,
effort/isbsg10.csv,nsga-ii,mar,1442.6884115216333,
effort/isbsg10.csv,nsga-ii,mar,2037.6371794871795,
effort/isbsg10.csv,nsga-ii,mar,2299.4769072381205,
effort/isbsg10.csv,nsga-ii,mar,2235.7916165865386,
effort/isbsg10.csv,nsga-ii,sa,0.2704123135791657,
effort/isbsg10.csv,nsga-ii,sa,0.3199904272746636,
effort/isbsg10.csv,nsga-ii,sa,-0.3272101614031372,
effort/isbsg10.csv,nsga-ii,sa,0.1538114593455017,
effort/isbsg10.csv,nsga-ii,sa,0.3281232728730585,
effort/isbsg10.csv,nsga-ii,sa,0.3023197388994235,
effort/isbsg10.csv,nsga-ii,sa,0.3675977346815103,
effort/isbsg10.csv,nsga-ii,sa,0.2893830555284029,
effort/isbsg10.csv,nsga-ii,sa,0.2511344945488529,
effort/isbsg10.csv,nsga-ii,sa,0.3694091090898754,
effort/isbsg10.csv,nsga-ii,sa,0.1182431397746702,
effort/isbsg10.csv,nsga-ii,sa,0.2771047229195509,
effort/isbsg10.csv,nsga-ii,sa,0.2278840595842014,
effort/isbsg10.csv,nsga-ii,sa,0.2997834754776147,
effort/isbsg10.csv,nsga-ii,sa,0.1721782728523771,
effort/isbsg10.csv,nsga-ii,sa,0.3431451166752245,
effort/isbsg10.csv,nsga-ii,sa,-0.108700595552293,
effort/isbsg10.csv,nsga-ii,sa,0.1159715764397731,
effort/isbsg10.csv,nsga-ii,sa,0.2209933385579937,
effort/isbsg10.csv,nsga-ii,sa,0.2149991242027145,
effort/isbsg10.csv,nsga-ii,sa,0.3373095424009686,
effort/isbsg10.csv,nsga-ii,sa,0.3361998920871326,
effort/isbsg10.csv,nsga-ii,sa,-0.1550611755839095,
effort/isbsg10.csv,nsga-ii,sa,0.2831047113995441,
effort/isbsg10.csv,nsga-ii,sa,0.270997392649518,
effort/isbsg10.csv,nsga-ii,sa,0.3151637821701709,
effort/isbsg10.csv,nsga-ii,sa,-0.3505508325041295,
effort/isbsg10.csv,nsga-ii,sa,0.3257190344906809,
effort/isbsg10.csv,nsga-ii,sa,0.2926439714893543,
effort/isbsg10.csv,nsga-ii,sa,0.3623713810623746,
effort/isbsg10.csv,nsga-ii,sd,0.1094546217481442,
effort/isbsg10.csv,nsga-ii,sd,0.2141243725489481,
effort/isbsg10.csv,nsga-ii,sd,-0.3853969933077891,
effort/isbsg10.csv,nsga-ii,sd,0.2488754553143623,
effort/isbsg10.csv,nsga-ii,sd,0.1703886126550888,
effort/isbsg10.csv,nsga-ii,sd,0.1515442822961246,
effort/isbsg10.csv,nsga-ii,sd,0.2330156319734024,
effort/isbsg10.csv,nsga-ii,sd,0.627632091744862,
effort/isbsg10.csv,nsga-ii,sd,0.0177017844693643,
effort/isbsg10.csv,nsga-ii,sd,0.1724598138487934,
effort/isbsg10.csv,nsga-ii,sd,0.4584553222219843,
effort/isbsg10.csv,nsga-ii,sd,0.2613982199517329,
effort/isbsg10.csv,nsga-ii,sd,0.3485143446449024,
effort/isbsg10.csv,nsga-ii,sd,0.3068455442414391,
effort/isbsg10.csv,nsga-ii,sd,-0.0654911557078056,
effort/isbsg10.csv,nsga-ii,sd,0.1726704043654766,
effort/isbsg10.csv,nsga-ii,sd,0.3785685633571864,
effort/isbsg10.csv,nsga-ii,sd,-0.0543566640316531,
effort/isbsg10.csv,nsga-ii,sd,0.0413629531587844,
effort/isbsg10.csv,nsga-ii,sd,0.3481128899242908,
effort/isbsg10.csv,nsga-ii,sd,0.1708005764528023,
effort/isbsg10.csv,nsga-ii,sd,0.1620309446277898,
effort/isbsg10.csv,nsga-ii,sd,0.2839038218095018,
effort/isbsg10.csv,nsga-ii,sd,0.0877676768724911,
effort/isbsg10.csv,nsga-ii,sd,0.0225058064471796,
effort/isbsg10.csv,nsga-ii,sd,0.2822790285321451,
effort/isbsg10.csv,nsga-ii,sd,-0.2551398017396106,
effort/isbsg10.csv,nsga-ii,sd,0.3584456001484368,
effort/isbsg10.csv,nsga-ii,sd,0.1649997617111092,
effort/isbsg10.csv,nsga-ii,sd,0.1786946798743607,
effort/isbsg10.csv,nsga-ii,sdar,2831.2492003506345,
effort/isbsg10.csv,nsga-ii,sdar,2722.1633208161124,
effort/isbsg10.csv,nsga-ii,sdar,1728.8571364977615,
effort/isbsg10.csv,nsga-ii,sdar,946.6897027137712,
effort/isbsg10.csv,nsga-ii,sdar,2946.991299496917,
effort/isbsg10.csv,nsga-ii,sdar,2718.5886574074075,
effort/isbsg10.csv,nsga-ii,sdar,1693.8202401886613,
effort/isbsg10.csv,nsga-ii,sdar,1416.0325676968532,
effort/isbsg10.csv,nsga-ii,sdar,3493.738407494146,
effort/isbsg10.csv,nsga-ii,sdar,2468.393938515504,
effort/isbsg10.csv,nsga-ii,sdar,2589.4872126436785,
effort/isbsg10.csv,nsga-ii,sdar,1944.3071694053208,
effort/isbsg10.csv,nsga-ii,sdar,1313.7118696504165,
effort/isbsg10.csv,nsga-ii,sdar,1947.6328125,
effort/isbsg10.csv,nsga-ii,sdar,3422.5024581279763,
effort/isbsg10.csv,nsga-ii,sdar,2793.5066508981217,
effort/isbsg10.csv,nsga-ii,sdar,1645.2192920833068,
effort/isbsg10.csv,nsga-ii,sdar,2780.834188034188,
effort/isbsg10.csv,nsga-ii,sdar,2999.6826923076924,
effort/isbsg10.csv,nsga-ii,sdar,2233.785408820825,
effort/isbsg10.csv,nsga-ii,sdar,1771.610898049677,
effort/isbsg10.csv,nsga-ii,sdar,2499.549125874126,
effort/isbsg10.csv,nsga-ii,sdar,2154.7826655681106,
effort/isbsg10.csv,nsga-ii,sdar,2830.979667167167,
effort/isbsg10.csv,nsga-ii,sdar,3576.098565420864,
effort/isbsg10.csv,nsga-ii,sdar,1864.21930107416,
effort/isbsg10.csv,nsga-ii,sdar,1442.6884115216333,
effort/isbsg10.csv,nsga-ii,sdar,2037.6371794871795,
effort/isbsg10.csv,nsga-ii,sdar,2299.4769072381205,
effort/isbsg10.csv,nsga-ii,sdar,2235.7916165865386,
effort/isbsg10.csv,nsga-iii,mar,2653.020381647042,
effort/isbsg10.csv,nsga-iii,mar,2674.7049024609846,
effort/isbsg10.csv,nsga-iii,mar,1374.7241151413486,
effort/isbsg10.csv,nsga-iii,mar,1080.1504406316667,
effort/isbsg10.csv,nsga-iii,mar,2970.7368379787767,
effort/isbsg10.csv,nsga-iii,mar,2655.349406167079,
effort/isbsg10.csv,nsga-iii,mar,1739.1776809172886,
effort/isbsg10.csv,nsga-iii,mar,1608.7243803852773,
effort/isbsg10.csv,nsga-iii,mar,3151.515277777778,
effort/isbsg10.csv,nsga-iii,mar,2449.218137598014,
effort/isbsg10.csv,nsga-iii,mar,2261.568170821064,
effort/isbsg10.csv,nsga-iii,mar,1885.438368055556,
effort/isbsg10.csv,nsga-iii,mar,1317.380671888533,
effort/isbsg10.csv,nsga-iii,mar,1889.3963529856387,
effort/isbsg10.csv,nsga-iii,mar,3311.9076720969506,
effort/isbsg10.csv,nsga-iii,mar,2792.6715212175736,
effort/isbsg10.csv,nsga-iii,mar,1613.95034812015,
effort/isbsg10.csv,nsga-iii,mar,2837.38520798589,
effort/isbsg10.csv,nsga-iii,mar,2921.0889665889663,
effort/isbsg10.csv,nsga-iii,mar,2219.4571776311627,
effort/isbsg10.csv,nsga-iii,mar,1756.344029406339,
effort/isbsg10.csv,nsga-iii,mar,2503.131891025641,
effort/isbsg10.csv,nsga-iii,mar,2061.5631561123623,
effort/isbsg10.csv,nsga-iii,mar,2854.088211382113,
effort/isbsg10.csv,nsga-iii,mar,3460.13505397282,
effort/isbsg10.csv,nsga-iii,mar,2004.9905845233395,
effort/isbsg10.csv,nsga-iii,mar,1390.546075744832,
effort/isbsg10.csv,nsga-iii,mar,2068.358356683904,
effort/isbsg10.csv,nsga-iii,mar,2322.9139846412454,
effort/isbsg10.csv,nsga-iii,mar,2275.2487537481256,
effort/isbsg10.csv,nsga-iii,sa,0.3163402917576209,
effort/isbsg10.csv,nsga-iii,sa,0.3318457698770375,
effort/isbsg10.csv,nsga-iii,sa,-0.0553490952049504,
effort/isbsg10.csv,nsga-iii,sa,0.0345189955850062,
effort/isbsg10.csv,nsga-iii,sa,0.3227095905585628,
effort/isbsg10.csv,nsga-iii,sa,0.3185490339039988,
effort/isbsg10.csv,nsga-iii,sa,0.3506631464735914,
effort/isbsg10.csv,nsga-iii,sa,0.1926832547744874,
effort/isbsg10.csv,nsga-iii,sa,0.3244883256377509,
effort/isbsg10.csv,nsga-iii,sa,0.3743078755289744,
effort/isbsg10.csv,nsga-iii,sa,0.2299041911649999,
effort/isbsg10.csv,nsga-iii,sa,0.2989921999256397,
effort/isbsg10.csv,nsga-iii,sa,0.225727771926515,
effort/isbsg10.csv,nsga-iii,sa,0.3207207543219218,
effort/isbsg10.csv,nsga-iii,sa,0.1989285142052505,
effort/isbsg10.csv,nsga-iii,sa,0.3433414859978825,
effort/isbsg10.csv,nsga-iii,sa,-0.0876286953131803,
effort/isbsg10.csv,nsga-iii,sa,0.0979939820784326,
effort/isbsg10.csv,nsga-iii,sa,0.2414038426554562,
effort/isbsg10.csv,nsga-iii,sa,0.2200343769123508,
effort/isbsg10.csv,nsga-iii,sa,0.3430202818068369,
effort/isbsg10.csv,nsga-iii,sa,0.3352484245326109,
effort/isbsg10.csv,nsga-iii,sa,-0.1050912932844698,
effort/isbsg10.csv,nsga-iii,sa,0.2772528832616586,
effort/isbsg10.csv,nsga-iii,sa,0.2946370381057647,
effort/isbsg10.csv,nsga-iii,sa,0.2634502990618057,
effort/isbsg10.csv,nsga-iii,sa,-0.3017385772522874,
effort/isbsg10.csv,nsga-iii,sa,0.3155529925523397,
effort/isbsg10.csv,nsga-iii,sa,0.2854343500578075,
effort/isbsg10.csv,nsga-iii,sa,0.3511185435041113,
effort/isbsg10.csv,nsga-iii,sd,0.2148846466537457,
effort/isbsg10.csv,nsga-iii,sd,0.1383765305714631,
effort/isbsg10.csv,nsga-iii,sd,0.0393118496980229,
effort/isbsg10.csv,nsga-iii,sd,0.0645250722113074,
effort/isbsg10.csv,nsga-iii,sd,0.2121920074136351,
effort/isbsg10.csv,nsga-iii,sd,0.1757868644657006,
effort/isbsg10.csv,nsga-iii,sd,0.210071782088304,
effort/isbsg10.csv,nsga-iii,sd,0.4112167765982342,
effort/isbsg10.csv,nsga-iii,sd,0.1046119215131897,
effort/isbsg10.csv,nsga-iii,sd,0.1946067897831379,
effort/isbsg10.csv,nsga-iii,sd,0.3467533334252349,
effort/isbsg10.csv,nsga-iii,sd,0.2422855255753168,
effort/isbsg10.csv,nsga-iii,sd,0.3065748649982623,
effort/isbsg10.csv,nsga-iii,sd,0.3058475729409747,
effort/isbsg10.csv,nsga-iii,sd,-0.0062197104234719,
effort/isbsg10.csv,nsga-iii,sd,0.1730454930955099,
effort/isbsg10.csv,nsga-iii,sd,0.3773554304582747,
effort/isbsg10.csv,nsga-iii,sd,-0.0650963638073095,
effort/isbsg10.csv,nsga-iii,sd,0.0450001822389786,
effort/isbsg10.csv,nsga-iii,sd,0.3656540221130385,
effort/isbsg10.csv,nsga-iii,sd,0.2655848812754753,
effort/isbsg10.csv,nsga-iii,sd,0.1553511821406338,
effort/isbsg10.csv,nsga-iii,sd,0.2860531759533599,
effort/isbsg10.csv,nsga-iii,sd,0.0857295284730403,
effort/isbsg10.csv,nsga-iii,sd,0.0842851496523949,
effort/isbsg10.csv,nsga-iii,sd,0.2105942081784438,
effort/isbsg10.csv,nsga-iii,sd,-0.0537827752789996,
effort/isbsg10.csv,nsga-iii,sd,0.3246116796390361,
effort/isbsg10.csv,nsga-iii,sd,0.0934026829785482,
effort/isbsg10.csv,nsga-iii,sd,0.1882818933239162,
effort/isbsg10.csv,nsga-iii,sdar,2653.020381647042,
effort/isbsg10.csv,nsga-iii,sdar,2674.7049024609846,
effort/isbsg10.csv,nsga-iii,sdar,1374.7241151413486,
effort/isbsg10.csv,nsga-iii,sdar,1080.1504406316667,
effort/isbsg10.csv,nsga-iii,sdar,2970.7368379787767,
effort/isbsg10.csv,nsga-iii,sdar,2655.349406167079,
effort/isbsg10.csv,nsga-iii,sdar,1739.1776809172886,
effort/isbsg10.csv,nsga-iii,sdar,1608.7243803852773,
effort/isbsg10.csv,nsga-iii,sdar,3151.515277777778,
effort/isbsg10.csv,nsga-iii,sdar,2449.218137598014,
effort/isbsg10.csv,nsga-iii,sdar,2261.568170821064,
effort/isbsg10.csv,nsga-iii,sdar,1885.438368055556,
effort/isbsg10.csv,nsga-iii,sdar,1317.380671888533,
effort/isbsg10.csv,nsga-iii,sdar,1889.3963529856387,
effort/isbsg10.csv,nsga-iii,sdar,3311.9076720969506,
effort/isbsg10.csv,nsga-iii,sdar,2792.6715212175736,
effort/isbsg10.csv,nsga-iii,sdar,1613.95034812015,
effort/isbsg10.csv,nsga-iii,sdar,2837.38520798589,
effort/isbsg10.csv,nsga-iii,sdar,2921.0889665889663,
effort/isbsg10.csv,nsga-iii,sdar,2219.4571776311627,
effort/isbsg10.csv,nsga-iii,sdar,1756.344029406339,
effort/isbsg10.csv,nsga-iii,sdar,2503.131891025641,
effort/isbsg10.csv,nsga-iii,sdar,2061.5631561123623,
effort/isbsg10.csv,nsga-iii,sdar,2854.088211382113,
effort/isbsg10.csv,nsga-iii,sdar,3460.13505397282,
effort/isbsg10.csv,nsga-iii,sdar,2004.9905845233395,
effort/isbsg10.csv,nsga-iii,sdar,1390.546075744832,
effort/isbsg10.csv,nsga-iii,sdar,2068.358356683904,
effort/isbsg10.csv,nsga-iii,sdar,2322.9139846412454,
effort/isbsg10.csv,nsga-iii,sdar,2275.2487537481256,
effort/isbsg10.csv,random,mar,2490.6512027809395,
effort/isbsg10.csv,random,mar,2720.316297111491,
effort/isbsg10.csv,random,mar,1268.3213734567903,
effort/isbsg10.csv,random,mar,934.1771781491358,
effort/isbsg10.csv,random,mar,2981.414956761006,
effort/isbsg10.csv,random,mar,2763.475305518069,
effort/isbsg10.csv,random,mar,1692.3160023055086,
effort/isbsg10.csv,random,mar,1604.5992805607573,
effort/isbsg10.csv,random,mar,3497.7333991234327,
effort/isbsg10.csv,random,mar,2568.022590628353,
effort/isbsg10.csv,random,mar,2172.3437619663696,
effort/isbsg10.csv,random,mar,1946.3017499349469,
effort/isbsg10.csv,random,mar,1382.371141584309,
effort/isbsg10.csv,random,mar,1997.9,
effort/isbsg10.csv,random,mar,3182.598687202153,
effort/isbsg10.csv,random,mar,2805.850961538461,
effort/isbsg10.csv,random,mar,1497.3904306627408,
effort/isbsg10.csv,random,mar,2758.634515211488,
effort/isbsg10.csv,random,mar,2950.073883675483,
effort/isbsg10.csv,random,mar,2240.1596170219923,
effort/isbsg10.csv,random,mar,1756.8320462330823,
effort/isbsg10.csv,random,mar,2500.4590301003345,
effort/isbsg10.csv,random,mar,2255.915911458333,
effort/isbsg10.csv,random,mar,2849.150637733265,
effort/isbsg10.csv,random,mar,3515.0655029670147,
effort/isbsg10.csv,random,mar,2014.5845362372845,
effort/isbsg10.csv,random,mar,1511.7805278754058,
effort/isbsg10.csv,random,mar,1966.1752136752136,
effort/isbsg10.csv,random,mar,2335.5981649069886,
effort/isbsg10.csv,random,mar,2279.5251571411845,
effort/isbsg10.csv,random,sa,0.3581813820933989,
effort/isbsg10.csv,random,sa,0.3204518227356149,
effort/isbsg10.csv,random,sa,0.0263342301454446,
effort/isbsg10.csv,random,sa,0.1649956465938692,
effort/isbsg10.csv,random,sa,0.3202751145896308,
effort/isbsg10.csv,random,sa,0.2908003322071139,
effort/isbsg10.csv,random,sa,0.3681593547532941,
effort/isbsg10.csv,random,sa,0.1947533807728664,
effort/isbsg10.csv,random,sa,0.2502781879005583,
effort/isbsg10.csv,random,sa,0.343957369188991,
effort/isbsg10.csv,random,sa,0.2602863588092476,
effort/isbsg10.csv,random,sa,0.2763631359587498,
effort/isbsg10.csv,random,sa,0.1875305242754213,
effort/isbsg10.csv,random,sa,0.2817113239391609,
effort/isbsg10.csv,random,sa,0.2302052739799878,
effort/isbsg10.csv,random,sa,0.3402425208561745,
effort/isbsg10.csv,random,sa,-0.0090798656681579,
effort/isbsg10.csv,random,sa,0.1230288622907063,
effort/isbsg10.csv,random,sa,0.233876565337211,
effort/isbsg10.csv,random,sa,0.2127590885212782,
effort/isbsg10.csv,random,sa,0.3428377337684462,
effort/isbsg10.csv,random,sa,0.3359582506977734,
effort/isbsg10.csv,random,sa,-0.2092731793071616,
effort/isbsg10.csv,random,sa,0.278503236037777,
effort/isbsg10.csv,random,sa,0.2834392369805631,
effort/isbsg10.csv,random,sa,0.2599258823786213,
effort/isbsg10.csv,random,sa,-0.415230367264266,
effort/isbsg10.csv,random,sa,0.3493667396807742,
effort/isbsg10.csv,random,sa,0.2815324924877457,
effort/isbsg10.csv,random,sa,0.3498989498848726,
effort/isbsg10.csv,random,sd,0.2741298023123481,
effort/isbsg10.csv,random,sd,0.0873022203200883,
effort/isbsg10.csv,random,sd,0.2365102625748446,
effort/isbsg10.csv,random,sd,0.1642567873918239,
effort/isbsg10.csv,random,sd,0.2128889080014516,
effort/isbsg10.csv,random,sd,0.1304666443024808,
effort/isbsg10.csv,random,sd,0.2380116900748365,
effort/isbsg10.csv,random,sd,0.4481545015212437,
effort/isbsg10.csv,random,sd,0.0156939629081776,
effort/isbsg10.csv,random,sd,0.1451825401588352,
effort/isbsg10.csv,random,sd,0.3182258909211063,
effort/isbsg10.csv,random,sd,0.268206950614824,
effort/isbsg10.csv,random,sd,0.3609517776012391,
effort/isbsg10.csv,random,sd,0.319730979443089,
effort/isbsg10.csv,random,sd,0.0176225300809732,
effort/isbsg10.csv,random,sd,0.1757494172556821,
effort/isbsg10.csv,random,sd,0.4002017338357751,
effort/isbsg10.csv,random,sd,-0.061049088325677,
effort/isbsg10.csv,random,sd,0.0469400694239831,
effort/isbsg10.csv,random,sd,0.3479606011807894,
effort/isbsg10.csv,random,sd,0.217819034822609,
effort/isbsg10.csv,random,sd,0.1530426625053059,
effort/isbsg10.csv,random,sd,0.2173501967320663,
effort/isbsg10.csv,random,sd,0.0762107020497614,
effort/isbsg10.csv,random,sd,0.0576020665882041,
effort/isbsg10.csv,random,sd,0.1458975156960979,
effort/isbsg10.csv,random,sd,-0.227083835785839,
effort/isbsg10.csv,random,sd,0.3528990694431903,
effort/isbsg10.csv,random,sd,0.077293869937017,
effort/isbsg10.csv,random,sd,0.1866938518168006,
effort/isbsg10.csv,random,sdar,2490.6512027809395,
effort/isbsg10.csv,random,sdar,2720.316297111491,
effort/isbsg10.csv,random,sdar,1268.3213734567903,
effort/isbsg10.csv,random,sdar,934.1771781491358,
effort/isbsg10.csv,random,sdar,2981.414956761006,
effort/isbsg10.csv,random,sdar,2763.475305518069,
effort/isbsg10.csv,random,sdar,1692.3160023055086,
effort/isbsg10.csv,random,sdar,1604.5992805607573,
effort/isbsg10.csv,random,sdar,3497.7333991234327,
effort/isbsg10.csv,random,sdar,2568.022590628353,
effort/isbsg10.csv,random,sdar,2172.3437619663696,
effort/isbsg10.csv,random,sdar,1946.3017499349469,
effort/isbsg10.csv,random,sdar,1382.371141584309,
effort/isbsg10.csv,random,sdar,1997.9,
effort/isbsg10.csv,random,sdar,3182.598687202153,
effort/isbsg10.csv,random,sdar,2805.850961538461,
effort/isbsg10.csv,random,sdar,1497.3904306627408,
effort/isbsg10.csv,random,sdar,2758.634515211488,
effort/isbsg10.csv,random,sdar,2950.073883675483,
effort/isbsg10.csv,random,sdar,2240.1596170219923,
effort/isbsg10.csv,random,sdar,1756.8320462330823,
effort/isbsg10.csv,random,sdar,2500.4590301003345,
effort/isbsg10.csv,random,sdar,2255.915911458333,
effort/isbsg10.csv,random,sdar,2849.150637733265,
effort/isbsg10.csv,random,sdar,3515.0655029670147,
effort/isbsg10.csv,random,sdar,2014.5845362372845,
effort/isbsg10.csv,random,sdar,1511.7805278754058,
effort/isbsg10.csv,random,sdar,1966.1752136752136,
effort/isbsg10.csv,random,sdar,2335.5981649069886,
effort/isbsg10.csv,random,sdar,2279.5251571411845,
effort/isbsg10.csv,tpe,mar,2678.2292841880344,
effort/isbsg10.csv,tpe,mar,2670.725,
effort/isbsg10.csv,tpe,mar,1408.4125,
effort/isbsg10.csv,tpe,mar,963.6554487179486,
effort/isbsg10.csv,tpe,mar,2901.2958333333327,
effort/isbsg10.csv,tpe,mar,2632.690416666668,
effort/isbsg10.csv,tpe,mar,2034.591538461539,
effort/isbsg10.csv,tpe,mar,1578.4744058641977,
effort/isbsg10.csv,tpe,mar,3495.401388888889,
effort/isbsg10.csv,tpe,mar,2443.786396271997,
effort/isbsg10.csv,tpe,mar,1968.2083333333333,
effort/isbsg10.csv,tpe,mar,1919.4316666666664,
effort/isbsg10.csv,tpe,mar,1433.86012513802,
effort/isbsg10.csv,tpe,mar,2310.35,
effort/isbsg10.csv,tpe,mar,3435.8248046875,
effort/isbsg10.csv,tpe,mar,2824.0576923076924,
effort/isbsg10.csv,tpe,mar,1716.537472718254,
effort/isbsg10.csv,tpe,mar,2745.381944444444,
effort/isbsg10.csv,tpe,mar,2938.5534188034185,
effort/isbsg10.csv,tpe,mar,2244.9055687830687,
effort/isbsg10.csv,tpe,mar,1790.142619047619,
effort/isbsg10.csv,tpe,mar,2502.595384615385,
effort/isbsg10.csv,tpe,mar,2139.846258457977,
effort/isbsg10.csv,tpe,mar,2838.666666666667,
effort/isbsg10.csv,tpe,mar,3491.231756965944,
effort/isbsg10.csv,tpe,mar,1944.676285331384,
effort/isbsg10.csv,tpe,mar,1470.411277377137,
effort/isbsg10.csv,tpe,mar,2059.472275641026,
effort/isbsg10.csv,tpe,mar,2346.096887400794,
effort/isbsg10.csv,tpe,mar,2307.622176535088,
effort/isbsg10.csv,tpe,sa,0.3098441822382563,
effort/isbsg10.csv,tpe,sa,0.332839968774395,
effort/isbsg10.csv,tpe,sa,-0.0812110162172535,
effort/isbsg10.csv,tpe,sa,0.1386468073890722,
effort/isbsg10.csv,tpe,sa,0.3385412609600167,
effort/isbsg10.csv,tpe,sa,0.324364084175708,
effort/isbsg10.csv,tpe,sa,0.2403678575847015,
effort/isbsg10.csv,tpe,sa,0.2078637986086424,
effort/isbsg10.csv,tpe,sa,0.2507780427320657,
effort/isbsg10.csv,tpe,sa,0.3756955011216812,
effort/isbsg10.csv,tpe,sa,0.3297973468277801,
effort/isbsg10.csv,tpe,sa,0.2863534587817321,
effort/isbsg10.csv,tpe,sa,0.1572685879436699,
effort/isbsg10.csv,tpe,sa,0.1693787262940289,
effort/isbsg10.csv,tpe,sa,0.1689559149217429,
effort/isbsg10.csv,tpe,sa,0.3359614571217089,
effort/isbsg10.csv,tpe,sa,-0.1567613675868506,
effort/isbsg10.csv,tpe,sa,0.1272418604240438,
effort/isbsg10.csv,tpe,sa,0.2368683880727491,
effort/isbsg10.csv,tpe,sa,0.2110912576391242,
effort/isbsg10.csv,tpe,sa,0.3303775492179602,
effort/isbsg10.csv,tpe,sa,0.3353909034338406,
effort/isbsg10.csv,tpe,sa,-0.14705458437111,
effort/isbsg10.csv,tpe,sa,0.2811581153894852,
effort/isbsg10.csv,tpe,sa,0.288297845505987,
effort/isbsg10.csv,tpe,sa,0.2856072505083846,
effort/isbsg10.csv,tpe,sa,-0.3765031720817798,
effort/isbsg10.csv,tpe,sa,0.3184935137430129,
effort/isbsg10.csv,tpe,sa,0.2783029168289177,
effort/isbsg10.csv,tpe,sa,0.3418859206117105,
effort/isbsg10.csv,tpe,sd,0.2114855719166812,
effort/isbsg10.csv,tpe,sd,0.2141649577701788,
effort/isbsg10.csv,tpe,sd,-0.0367644180567218,
effort/isbsg10.csv,tpe,sd,0.1849777028861903,
effort/isbsg10.csv,tpe,sd,0.1861578516341033,
effort/isbsg10.csv,tpe,sd,0.1673196220204076,
effort/isbsg10.csv,tpe,sd,0.3296343612958204,
effort/isbsg10.csv,tpe,sd,0.4260061707574565,
effort/isbsg10.csv,tpe,sd,0.0177121729650673,
effort/isbsg10.csv,tpe,sd,0.1888761095203286,
effort/isbsg10.csv,tpe,sd,0.2408663272806834,
effort/isbsg10.csv,tpe,sd,0.2599674469616573,
effort/isbsg10.csv,tpe,sd,0.3234397885863224,
effort/isbsg10.csv,tpe,sd,0.3531753669854345,
effort/isbsg10.csv,tpe,sd,-0.0619931966706016,
effort/isbsg10.csv,tpe,sd,0.1785605188473542,
effort/isbsg10.csv,tpe,sd,0.3289773646661055,
effort/isbsg10.csv,tpe,sd,-0.052573274339421,
effort/isbsg10.csv,tpe,sd,0.0576064555114606,
effort/isbsg10.csv,tpe,sd,0.3354973563934202,
effort/isbsg10.csv,tpe,sd,0.267969185128097,
effort/isbsg10.csv,tpe,sd,0.1659750655657969,
effort/isbsg10.csv,tpe,sd,0.2523385435591948,
effort/isbsg10.csv,tpe,sd,0.0870478781303324,
effort/isbsg10.csv,tpe,sd,0.0699221271166838,
effort/isbsg10.csv,tpe,sd,0.2231310231486765,
effort/isbsg10.csv,tpe,sd,-0.4085794018875546,
effort/isbsg10.csv,tpe,sd,0.359144912950714,
effort/isbsg10.csv,tpe,sd,0.1096403388866589,
effort/isbsg10.csv,tpe,sd,0.200108834306817,
effort/isbsg10.csv,tpe,sdar,2678.2292841880344,
effort/isbsg10.csv,tpe,sdar,2670.725,
effort/isbsg10.csv,tpe,sdar,1408.4125,
effort/isbsg10.csv,tpe,sdar,963.6554487179486,
effort/isbsg10.csv,tpe,sdar,2901.2958333333327,
effort/isbsg10.csv,tpe,sdar,2632.690416666668,
effort/isbsg10.csv,tpe,sdar,2034.591538461539,
effort/isbsg10.csv,tpe,sdar,1578.4744058641977,
effort/isbsg10.csv,tpe,sdar,3495.401388888889,
effort/isbsg10.csv,tpe,sdar,2443.786396271997,
effort/isbsg10.csv,tpe,sdar,1968.2083333333333,
effort/isbsg10.csv,tpe,sdar,1919.4316666666664,
effort/isbsg10.csv,tpe,sdar,1433.86012513802,
effort/isbsg10.csv,tpe,sdar,2310.35,
effort/isbsg10.csv,tpe,sdar,3435.8248046875,
effort/isbsg10.csv,tpe,sdar,2824.0576923076924,
effort/isbsg10.csv,tpe,sdar,1716.537472718254,
effort/isbsg10.csv,tpe,sdar,2745.381944444444,
effort/isbsg10.csv,tpe,sdar,2938.5534188034185,
effort/isbsg10.csv,tpe,sdar,2244.9055687830687,
effort/isbsg10.csv,tpe,sdar,1790.142619047619,
effort/isbsg10.csv,tpe,sdar,2502.595384615385,
effort/isbsg10.csv,tpe,sdar,2139.846258457977,
effort/isbsg10.csv,tpe,sdar,2838.666666666667,
effort/isbsg10.csv,tpe,sdar,3491.231756965944,
effort/isbsg10.csv,tpe,sdar,1944.676285331384,
effort/isbsg10.csv,tpe,sdar,1470.411277377137,
effort/isbsg10.csv,tpe,sdar,2059.472275641026,
effort/isbsg10.csv,tpe,sdar,2346.096887400794,
effort/isbsg10.csv,tpe,sdar,2307.622176535088,
